6425045732026378 112935058
5135215881847272 115855041
9628502924713493 60002824
2602565465372536 59208734
1890651569936006 68444824
5115795741008437 57442592
4918210965159371 76060053
5877636579617095 114434472
3088204848533648 48315107
9273650316139412 148009558
2077768793312728 31809844
8105031310086857 152048295
211623140381097 14388046
4256037158292921 115828479
7560700222030518 131021746
1167424708300938 50257334
315909230717185 24444301
2264808173264889 78911235
289785481724194 17845458
8502348787404061 171332646
519228681417317 31083418
287824952960412 8860037
172672958699426 19866335
5091103042206620 115622443
2858860262490503 96384111
2175521299916712 64423697
4122031528878592 84502148
6177905348391049 113212242
4558254297441747 80855601
9234483369816227 134226314
4802207589971501 85905404
730887134030277 51395265
1907971800570387 42311221
1297351712016576 39966264
3382631702393295 64145143
3574711137485090 105665963
6299849524390884 146963045
5788320303855270 125211008
2376828570966061 60432522
6384612064115969 81052256
7339388864838930 62237014
9456227862056898 151743883
665786445818597 41992002
7760857192404238 94219862
8884345351398148 133267577
1743732266382014 44851860
4386816786046412 123093679
1259145794563426 32925676
4966079514594887 57516888
9901559321685907 157300764
5039585484665201 69965735
3212301494068314 104239100
9587473925292193 52053934
7903196073781319 54471793
9199280471820457 118578145
4381153273971854 81666073
7786390296096521 122583739
2059462671407260 62843817
9676267710250892 115038950
6608789650080317 120012181
6687757507578232 74373057
3012894742461335 90579024
5798916339757971 75233843
9142375163693899 100787843
2898990845469875 81173795
7493781478587685 143815666
244185615432793 25483529
4600921603415128 69126437
8883878095862095 148706679
2438383797723181 69729087
8657543047454292 78527807
315614556273625 9679461
6511867959119750 77941113
7862892988159191 138373652
7992414484055947 129708166
8545250658806639 175401643
7797599913905622 164306281
1677895018667011 33438538
7164029612259390 83500636
8949610914806371 48435924
7466203959263211 57095340
364895842460201 23905491
9575668084029947 51082727
9294094437968678 96051687
637095977220812 16080195
4316034631609210 87574997
2717719339237530 103873021
9512418486064609 152920636
9498354142815247 79965294
1129845155209769 45983374
48611482279412 3948339
3781966613450471 54877014
1052802975078679 38080377
6814012138342232 62268488
6612915050165251 100787965
6273423259405060 105170039
897935796107203 30128475
8784944236132656 175025005
8474098393535974 50318824
1053921841960473 40828609
6491722748536549 132399997
6020502611943232 68529331
7001508633995402 156437344
3448053719811999 94855762
1167351593383631 52867121
6854855921114804 156503552
7881326633694149 102853143
2205340664901635 42290932
633105829570117 27753310
155923480349268 9924826
2912375768736820 29381315
1678698608948278 46903053
7283358305797729 52791938
6177176890971037 145813110
5964735695343445 132534139
5124455369244901 80377618
608135671630480 37758063
5249239305429647 45459537
7552219443477016 74003884
703926349257727 49849415
4513224064683937 70430084
1325152045729137 24460081
7596543928047808 171885036
7657048792149923 107941934
1692345769918549 27247981
803146169578615 36404049
7299757454575812 122659322
6929235750912769 47052109
6788743074611356 110580923
7798952903972276 158123661
646007249649028 15025502
7740066028564090 78283376
2640674049203393 83306267
9992664028412972 189747459
4465907817936539 46683779
1265996865261689 55111176
5145261132143288 79383215
5660020371241980 134380914
6994638451559137 73536595
982568548757281 31703482
8949947350554995 185118404
9493397558293211 154684246
6029280563999452 44732303
4905672646422847 61601339
5927180846808704 127858360
583045721401285 25980403
5834717696106430 82415196
3370780402305626 91990960
2096973455147834 70655040
7802998346292846 63393103
6449594601507631 102733315
6121432837127456 155810606
1496611468241121 30269478
8549158240925687 134797798
6736319434792879 154809020
7916621965288933 56664946
511617701881551 28346597
1690849879665317 26057100
1258684557719446 63806842
5801376722491834 121857115
9992368646741143 128744081
4990958618779724 36002149
3851960462090405 68449878
2251775545729783 24747247
137722104672940 8683199
6185998454005203 61296409
3289139760355644 64002943
5484076444933196 116597600
935595735293945 15605332
1528377524138665 70042636
9141254424315863 133071509
7299332656944715 150126959
675413397126596 27120372
8082755978084707 158291818
796714103032678 55925323
3313820927136505 109556267
3662308248727065 50436876
6322584970308313 132877177
9838689761353090 85363263
6122179283685645 76380563
7105166488033442 77889130
9174237355412310 153097781
546562431591292 35492601
3231439943996091 55969148
5913963323123112 134680532
4758968260777330 133167848
1471529755602139 60712025
1388663639136114 63594170
4415482575852127 54719241
2742642539126887 96511779
8145036616057577 130067839
8417314801110573 91194412
4030942904929307 67308034
1573282692349148 40883092
1077273151116690 48930382
5239380216502288 72483486
6526410650950510 58375789
4639810671896272 98501122
1545051361636165 72299082
5784310933886487 58100114
9670395422546848 100022107
1020599667810696 48286894
2300396190941492 45601640
5277991699221323 123138047
4834588332157412 127529751
2451668910655167 93920466
5461679555104872 68198693
2395134160497554 62228012
2376322020413107 55992217
9169204738614514 173389077
2129274726890184 54158610
5392134156184396 107044804
603515892823043 35071832
5097396772297101 91163349
8629371854284212 122905796
5913109164970018 65459099
5088759560552139 38166657
9466077154252384 181794161
5588130165081063 50765243
2780049433280826 41477334
8301622337045902 142283377
9972086012170187 123775406
4579356319305014 61371275
8199326962196724 50508205
9236903864483917 167162475
4512137463230931 40832820
3654270285873049 54952557
8975369456188618 185406795
2351128105103568 38493837
4305766862492491 104039775
7952866450470960 155012165
811852542530341 37557303
9302263875268596 150888451
5820420424703123 104681005
8609640187996514 54881498
797586607842956 26421592
2567924073075486 40241421
4272882151117964 118154801
6149957829489132 96075108
8476046002318896 108505776
5667330342751607 123372722
2663255629697034 103019208
5386512723383113 86904786
4443499283899427 100793845
5473913522887401 117528624
4323323039560359 107385326
1322687047547739 44634713
3782596986151954 39152858
3683612169171079 61789928
837270671703222 41929443
3333535231133698 101877852
7479430563134990 167798925
5780406071464298 89765434
9965380104714266 159623374
2960855601190182 83292913
2103417669229921 46594081
8693337172872098 126893767
5689321641423380 84021271
4292617949723555 32830815
7041140386829394 117375528
9474072896989439 157426397
8748127382860070 75661531
3473187925895689 43062623
3398123453701399 39179020
1761938106000833 48406998
8769511227946486 169717975
8002559932805401 143905675
2988593271129376 91033593
6405227322084903 153915352
943228613790961 18441841
172160931309834 13097367
8770313151287693 186967748
870750772795496 40566116
8705819045682347 162723563
5323775606976011 66911073
2319443557422943 94024042
599751111956218 39157895
3547035968325523 117587128
9051519090451959 68713598
9953526095854148 172218000
3442855399797829 43595713
9745698382897493 134984131
7206051064138666 138932052
2392832086326797 46016989
4166262720446227 51207702
5090855958330341 117380739
1415625403414951 33304996
5095734426228946 111315998
691666855851486 28300550
7783970507095858 62927372
1376430848187842 49208878
6103587027638746 111982339
7717805089207710 172968396
3461426990531495 67306002
7589225449590276 123757710
3065046666043463 67935101
9746391503704722 149526815
9254287966879857 84648731
9660497163530842 78008397
4244419683287310 44203415
8039387475846299 137180562
1708666527528163 57537061
9222009407908569 183046394
2068217332238671 68383230
7002404155593806 159498013
5776134212444953 79637890
3472206201606571 53978175
5128927390570391 87492418
2114871975841610 89732268
8077801775265532 156509824
5562478671468852 123305886
2721405734796499 85487124
5195837256923660 112448043
1532941651417762 31838502
8971379797361481 135582748
1555792514597055 61927693
5077574928327112 96643556
8488115090453616 76908636
9643920351001082 158121272
7848810178424051 118864799
5441509634601807 138820716
5636207316882535 104849547
682085994687851 19363668
8442183306902849 132419360
6340333216059546 136007332
6229262003835791 133702117
5923550589085973 148727515
6007550400498051 77500773
3081002854016876 27953578
585034445787968 30398184
9152155468387204 77435763
7968132556457092 164756945
3325725214624897 32836393
8645539430344577 50381636
2165996332856733 65117815
2959612293914511 63647779
9158024910871913 156851302
3718422578344897 94015375
9807418550943088 166147820
3557799268816336 75871825
2654870065320776 41808617
3543362642765332 50449839
3467798072356410 69221247
9119227812668167 51818073
8318797310658050 113845383
7878688218658071 137573675
2541142566695040 39206000
7154597105308623 78216368
8132976402946786 92762508
2596841846278144 96734294
5503171074737337 61287629
9681577539767267 116833028
20105114526462 3823398
8494990242102087 153544546
4474425327478737 37922101
2077823790307527 24224326
2158840444058979 62465066
7415086445883800 149253321
4680672073622683 103993008
3682246960053678 111257126
3716566417001599 92651910
4097244717196711 121756093
9882362257752902 152455680
8664834038561796 142023138
8545899003615496 106238912
631204863833633 35266324
6794215769434481 124184781
6113550200128155 55934789
2440294653668632 38795336
7991917991354940 59230775
2040353805085707 42674843
2034708349792366 86605571
4370650795730742 41578057
7638495598129776 73487165
508464723804918 33880721
795324407008007 25889025
5017008992666738 67206699
3081393507873334 107526163
1985318708006104 66856344
9220775795528732 134177350
908654803117018 42370587
1178937779474332 17543350
5938127454554910 114128458
4304338856404345 115348999
3629020229857280 88917015
4148762336278799 115915097
1615807629464364 43678617
6115992634499224 56204594
8200376217708252 89819075
7319287302350717 109835194
2856088881646893 81037141
7876475065945687 145538875
1889926937927137 73776522
1433279862755174 52549518
4521362974913280 42800984
5465258744401630 90789747
2774294360111284 95286829
4118429501651813 92295989
5908228243650614 97637572
5365227060069153 48307951
5537730230815915 83468130
7089856029751339 152669264
6592734708953722 90687201
4389439685638894 108934310
8637400725379434 107534069
7223955569777876 146025797
2371621775741630 60994652
9914955098164318 195429692
60107702272927 5507450
4280820323868642 103762843
6301098327033615 125542683
2106896168674300 37118456
796801844232136 44152786
1523414931171297 19978617
8339503960976339 63770013
8602456215462078 107058974
768339784742701 42257243
8189102809377762 77275002
5754456423751835 124820427
3602045554057167 87809146
9486178039765304 142563838
6487349473684877 44615025
8211172974095485 87855852
1867358344594177 62025160
2179907330194797 59810152
9715273692705829 115643630
9022087496975630 137876696
8415458993700020 60208026
4334403148360330 124383271
813493935132169 15589232
4879043193513018 96428872
8184405514248557 59662521
5728667627050475 148961077
8750597222316910 119682208
6037093129512672 83925118
3679752965797805 100812328
8348048397264648 177326416
228676867432332 14152025
9667234766475387 146106034
9366203170638473 92213331
7821511924762456 52396596
501314925277191 27362827
8602400822610658 135770375
9786395514065614 161813552
120514325544745 17549539
3354747855348957 80788771
8222355990007847 149633113
7338756677305533 52773461
2951255717186811 79389708
170787599245315 10189204
8179420999885224 66781894
1151617115692716 29087401
733606988822684 26958223
2612092543273586 79186995
5882361982725310 120602887
7885871451100 1854396
3103963763057556 87577116
8173623165700616 117532384
8440291867673720 49784771
6513524652925682 152055730
523300143979961 37171584
8041127570431517 142981864
4132532260423628 57380690
527313872611869 13921915
9131984282493774 114328622
3350405096043823 32987214
7447710335144644 123186983
8097305931731609 76323100
7285258270806138 61055117
3119933799052786 81878671
3066718425987214 43252315
961218005207814 23005494
5070914769121763 53787012
3821228980015153 80114143
4480751248295778 93429585
7730448044047472 103379940
2793825722296653 56027268
9286152930409892 127317290
4527512146018819 87195133
3816160915510773 63242843
6352815255560499 129066292
4837881409942039 76028341
9438938000690152 71510441
5500579128927556 115556802
9213451110728056 66361994
9461619332354968 70664753
1952910434517044 73182527
2825742770482571 92187729
4418001263795837 86422000
8342178292777272 164600334
6869923597492338 100542160
9595741801291130 64831768
79516001054696 10942484
6595747871325551 83774732
1123149615561876 44493553
246967103821768 18544701
2777917294571197 43839452
2403728520982219 55049042
839961692833313 16470288
4299981588252752 72244425
432680016066466 41519428
9291073707063446 133363542
5816915223738150 56191400
7582145673758031 157225211
7334455530599537 99507629
9981873006420952 102775075
149825797117977 19177084
1672590223857783 39401955
4000846702550168 120120144
7219842045716067 112873997
7777280494424867 132144319
8959451131073137 135665759
2320248247842176 24609995
2558245243884736 81201249
5615152049959643 136392128
8578030621342172 62510508
29525275284628 9503859
39448796270622 9082915
8690067102220881 78365622
210379718546467 25995820
3204464908934225 48588869
2534177889976801 49325854
7101681179344015 48794503
5746291165170593 65003053
9458410310593026 105933025
7842619724075747 69621481
9530519410029254 112876146
9301324971823059 148000812
6842193573072480 135672700
8675549926232132 132237031
7431260948442373 162991043
4715856538436593 39589888
152001414471398 14131477
565674478954730 45087407
4628061459887645 113424553
8798548858378888 97740931
4544522129999866 103457627
5732201162518424 142318180
1126339955279366 36900286
7244678068942188 126314993
9549680474357394 181195844
2878264920865555 42646369
3349806396594497 91752264
1506318951099674 23563435
5663378600494964 144055199
7836078586109372 88755356
7207656143352473 70897850
7496600318816233 70067995
2380493817181516 45366076
9998139005051053 166467233
6322702624440700 149891871
8430146367611402 121184485
1634648033895151 77441826
8548913279066876 128712902
7681465419918886 74702447
7838869583396978 176168271
3391645064793534 73700564
1742238169167470 40698407
5730687298472750 83087095
2415673196826303 27601733
6832861916779758 99705165
3795372725899940 64174492
6874916451076018 155770171
2797765241212702 79333745
6259170889869411 121471477
8473674649789318 66966854
893349586402578 57322081
4493098882016070 102491934
410178714382448 18879967
3490425995967082 51677168
2872081558862366 85800563
4418652771783796 93061490
3331980641061276 49706151
4370026001992987 94735705
34453790160770 10002809
8944314828675989 119901696
2172250141567192 40774559
2832460922554494 48521142
1969948707706598 44795252
445463106399289 21378456
5063879487854965 74539638
7903807617283424 59378544
2926863344383545 53792815
589491261149609 35746317
5142385121471467 38359071
2547278315304187 88122686
7370159152185753 132421981
4184584481001354 55018474
5622440417951631 47160386
1721412922461031 22925080
5821627317099746 47995167
829440554260474 17648789
8806850182579573 93684305
9734049960308179 74372966
7605209833722440 115763948
3182580944273595 88183624
6268231866205209 107708305
2142851436816751 47396444
9972939280506432 168704439
3290414344779537 113012603
8810875473425666 65498663
5524710745378278 110192259
8526240724495142 94443006
4297013666149447 38044089
4790231172267803 72513673
9239645597143694 175869664
5302962409294363 85516669
9820949826485398 109062622
4311887687513114 73808027
5466282042707710 115615700
2432823887135216 79000258
6501996311728117 80212307
6339420952717876 130755243
1003521387018812 41316781
494785382944189 19816882
1390644519431229 72279010
7818390792680793 95769994
843598520829030 39196443
2576358533636828 92389975
1192807227546161 68862414
663372101200051 33322965
6241550856858463 113844581
4376864864847518 53815525
7949381715901198 111302588
8268365823731502 139904693
6399851466131461 90149445
1427222907330082 47102891
8853539922774435 139569865
3660303199564962 89594462
3489391776640906 102113734
4768692932499929 115034538
2599178892579480 71045474
2568117192067768 73038812
1074486799854954 43542428
8731090888864997 72752637
2786798612930292 31324890
7700266836696500 56462949
1731860101836352 35214600
9393733251823095 77314607
3062730175384675 78003945
6869214553978559 60727142
4763577409578351 82366195
7759758451492625 108856849
3210671458321404 109742432
1409910931076402 72884432
2312836663275808 73966055
7348139573484428 150483156
4828532912190121 127950159
5241859543116519 61831897
5219400595756400 86839794
9170468919606236 77669752
9134799874974978 130780116
5217750812462246 137492798
4431995205575761 129810362
8212002806011146 165953836
4297542017730811 50670205
1437643185131571 42766784
6759204257891080 149023190
478818853512361 30125318
5851859243211232 44140567
4711334177245756 49850859
3319957079500371 46817356
6452007154072667 100295979
2797331855915011 84296668
7535723736812759 55900507
4641974343870546 37396759
6781726110116745 78825713
3541405218218195 30337008
1611482762247967 77140683
6703488757050913 88861385
6837297067308172 143784437
3195166308907965 86371891
9694381626274152 149579336
5295353500743718 47850576
5021852409322809 37775982
3954119104597321 97371163
4525188180825743 89814537
4086103543910318 64785634
9599580153049676 111124020
2033548189369811 65905687
6637429376187049 117416338
6930674952806914 151488596
6677702201235108 146129958
7436216825821210 147654665
2020760700667923 84990111
5504307579208370 43493066
2958163855002150 70302727
7930834614873391 110767594
7055983301671468 158503656
7092592745105696 45829493
9259975008471510 63409337
4522921408222376 58257841
271455693384854 31494547
9363966261817994 137334334
8821111892607200 156258790
5180052345344668 60292614
5163493639286912 132582356
2470164046421492 66724241
2475649189412441 46100294
1430488121189176 33175677
3121594211989066 80891167
7240572596031806 156981127
8414752894526053 61364980
9013802113577220 180051442
1830838774504948 44618746
369902730419027 22019806
6161584294428250 123327404
2773240377424325 36606386
2586141849145253 48193492
3458218799756941 46458539
7752763709012601 146758941
6205630059170436 123593759
7672132124932602 119633754
4588462233512312 101143658
3959630880211423 99283592
3337159658258107 50470113
6840081035534671 129537150
7485039675745546 140222525
3737759676267135 72478996
7336320939837519 170041708
6492934786297759 76274901
6779255739111801 70731597
1770506162568279 81347536
3341226114910957 80290611
7374640022123114 137111392
7387023783054710 128203891
7152733946972304 91055907
9192178699328224 127535779
7462972833511105 97200821
3662652554783471 118605244
8765748689673150 73156987
4245390743128365 94266911
9653399525689275 80030656
6817200097853191 149090397
8527292739360880 163933378
3596116543376619 49738136
1830662124879755 59411343
9325060906716490 63994669
3118044592766181 88985806
1179225090263766 29901138
3888260373789460 82774723
4189281901876642 127227537
5441546033768671 39874000
9609651883138713 174582560
5718536014984471 147559445
4203404353299381 123703910
1243618538351331 32453303
4146813915899690 92365754
9436363759276353 177021979
5205736178703672 86210601
3776023551333653 106885778
5251414816400594 117677582
630323640251385 19363555
3605879406335923 66746896
7887242608830275 175260272
4418821487040414 84321811
9543125541093578 96828669
3043481074551560 49643838
3471748349450022 89217275
6657014947923686 58595980
524490617900505 26542184
396349351817697 27306528
4844695366784792 92540403
5149357989981013 116945255
8320708036386030 52938107
7724381515039990 116195771
2975997048969700 87581652
2606368727937635 83863765
2053905831546848 31646137
6033140406060530 101956450
1128407540599259 40174309
2894982153566232 78636654
1839639111148590 83464254
5178444728364358 72032771
6600584962438869 55447085
7553973679369116 51660893
4077196585632154 52924914
3579545044584600 119283863
2767086096005013 39678081
6937466373232842 97141546
7892188509139447 49470998
1017176914288926 44244899
9275105214172904 165997048
7155793549409429 145503190
9044508009671107 79624438
8203841469474146 179204912
7529122466700629 102614564
6366061445706907 108948505
5865090503277873 92088520
8887382029223876 74272390
9678457234775172 179585253
4520920554779145 127823704
6374897190587114 60213518
3393973078937243 112916496
317743834067713 27938142
5940874617619166 104163382
5506051680689536 139937833
5200442190922288 142508571
1827030301993479 49710185
6836216389174366 58437160
5443457919467016 58887246
4928147941460247 35184933
1845612045387254 67928470
6206258807028923 120878130
2583475733861778 40235778
1748339461106629 35668405
1679842686316808 28399167
1367431634975056 21474426
386581546211849 13102862
384156885257288 20626495
7786070734546557 65233394
9434904371523262 96615686
9751458278110717 55399679
9317399974865383 93851533
9773299953553902 119968387
7440680623947915 83660758
4966326822022613 119279809
9766277290505326 193985270
4199576985197892 120341149
5804826329070460 91814275
7068637128995342 129432205
1455670004211022 63660483
4497732239564066 76641967
275809585503969 11528831
4533221646801161 89933404
5398124166055329 53807249
9129053377370304 124882313
3833268656205659 38071197
567666793445841 26210209
2609880963477639 33362039
7459651936317365 101215647
5249319786458968 110228579
4614727364033125 34945104
3435227931497856 50305973
626476725046696 49743748
3412717152535243 91228690
5981735003634806 130239967
8139959934618376 178827075
3770300240083497 85843991
1039952230374611 36906429
553659660897887 15491134
3732870907397000 68342959
8096264299866637 162234567
3340978341952775 105848146
2007304077607165 40000862
1788846029827956 77170624
2270225178709342 38140145
8461136712323107 88429431
1680578121477782 55661117
7434281715700974 84279853
6982639863336921 60327367
4406035133929815 59744206
5614169694708679 90032808
987083740769576 59666074
8931201449337726 93027256
1829668905553292 55994318
9992344553118182 126335433
587345149680955 21051818
8318703736711121 47639245
3545242592803528 47349498
5072545797640695 47717801
4113781736130107 111364692
7796435589173182 126874449
9273435861181278 150264472
359669485609229 31715961
245502585444251 11798955
2696199195409985 92101416
2008031454005870 27367461
2686885713457583 32621872
4952849991190526 82062382
5419922375015328 126821688
584457074417830 34432524
2813456090148641 90620266
7675025702983522 142993023
4082761464987382 103521693
7937237767193383 97315525
9001256391102564 83174309
6009261928286356 56698471
5218823869113977 88786978
7615070083610201 149462020
6388289402344180 47592934
3015780451743649 67382356
6948248033549858 165947492
36030622588719 3571247
8932051215905013 111960035
81662853205217 8238951
9540428885952365 111089200
2844950481221259 29149144
8004802710225051 89824408
5638833072388654 126283193
9471383105919606 139369405
8114573991512060 93920519
6960558323534840 95372571
2803417686498760 49104036
5291252948840900 128710035
1266518004029253 56061247
9768684147319465 54435737
8680231697974857 177142804
6918647043140439 152545496
6862880821504088 155002047
6295174833352320 95211533
345859071599557 35165712
816486022543657 21574413
1372733840981743 38339446
8576436585196871 171669567
7640909405009599 144954964
2546685092949454 75722431
6933635903027310 100075089
3571908358198229 34749631
2340224184998047 94974561
7779617245519913 165446078
2900944140717197 83347783
240239589693869 14403606
7050657422905453 141820795
3020918784661717 75489272
1576442521261482 20576960
6010768300289918 72373188
1905696604776244 78999307
7903769863069589 124202032
2898608932263609 83770381
3114560373200324 67072139
7417730175351142 105983579
4569414946987421 126000290
3433734624375970 97056210
5358412305326275 80238824
7237802845054590 108879026
8012557352128970 145571708
7021388120177471 154719670
8273427199946628 125951553
9528166613781381 188285950
1188998157496916 18595263
7574471037131742 142069976
2481504136480908 38690069
8632155939948941 84400883
2439781782631385 30397549
751887760353980 33571590
4029282156150302 55307428
6479769191831957 154880649
4689927689114371 74598317
5325795368796275 48030428
9961517996486190 183236561
4909732017629498 97060705
4942160890164112 60948968
1800392181738678 50047167
8962496870367233 151069698
5488588536917198 50565304
553691342138161 32398764
3053782668969093 104699569
9275005269306986 169919865
8674807865045047 184016654
7551654066294745 92532915
8456827101589416 134771575
3918374560968551 73275341
9939857327528117 57575188
928780548784562 43090648
9745044711623629 171701959
7385917077016373 159158889
3760290213728059 92791412
7751726101824367 93840749
4898539080943474 129538015
7550938661386133 49555683
7566803832395638 162517964
3540190851813784 60044241
6340682514922499 88449802
1792941527871500 44080886
7288652241027805 107372325
6734390339048870 58326947
7583819048366790 136368017
4532402547261807 59567588
6044802105834929 94835605
3188860373244127 53257107
6013098184739365 54843626
8294012455300074 148931981
5513893788922490 99054265
944943380058495 56753618
3207687696786281 49041706
9867733511969149 183513166
8389973297174217 100105854
8046506874549273 130294719
7236026451432590 94737350
4438419639162464 68330343
6771831736755180 117089851
5812496079381130 120458435
2060960724189983 66030760
7717561953892177 108922088
6457589801990806 121192254
226031332119959 16189443
2485633569815986 82162353
3430064301287002 87853750
7109441143012553 89774760
3785348509116764 118572550
5836729755663019 103414021
9485343775818144 113313823
637653884479881 44194245
2660312750573644 44689768
2647742636532663 98875174
3283778087831016 111700005
3756728770075891 54412901
1639585438356955 25272511
988562075692226 41596637
5879569513138292 81416604
4660963406807227 61143933
2479482468755891 96489166
4370776065602001 110168903
6778590961737047 163584660
3420855225067314 39001631
7209253337305952 153355434
4346804049013182 81805652
4331715966033177 86231515
5192202856831170 42728131
111169910534540 11368429
7984985869742112 66456323
5413093568958312 93219843
8062559598653997 147965788
1551394710819769 75000791
5632530433013629 67108648
5060364948096442 118901896
2744076279095479 26899503
8586811478124021 171480218
9655494396920842 57447088
7388022357997127 95800870
3698016530304752 101923616
907694646293858 38383622
3594570886183816 92542651
432192819492148 36843492
6119755428617788 102459260
9114499850030471 156651484
9659838047601689 158036885
952412502136848 48587050
9870190189045783 134874691
2950363320185948 87790562
4919826386526443 39713031
1284714307704365 50818356
8782634751934230 162681838
4100871798978032 93237195
5490939620216546 49539948
1221479381342446 19016455
3838829631247138 35018787
6577506186579735 91463241
1459387491175726 70347013
2924943632310920 31454571
7412322727248853 168873364
4432699906174680 85704140
4800108664021829 116725059
8257387689433203 163114056
6023109645894414 109906511
250700333658444 17247698
8231016161187374 164152669
6809556334109627 62026994
3218804241867062 45945262
3027958663684393 61149200
1480148470578305 62046498
4611741477671696 64455257
4130389712230404 112160461
8020444033869001 144229465
4360339712317448 56770909
8333606374404911 163239248
1056883462574478 61853105
5157529009389425 67406592
3256325291193825 51083882
1911983927712582 86099475
5799410238260791 65049035
72856852743770 14467207
540218756325457 37606342
9565746686144846 73346539
1282886521828820 24420210
7057123555916733 97677262
2773064970862693 62359747
3825380808375749 120438686
9704565582480223 68219667
9696260271880836 49816731
4844607207855244 133235178
3367280686344288 83248846
2850182135403895 67854488
302965249720362 27342802
8429215949312987 89757358
4876212768389376 56980851
7781723601812761 83989651
4756221764596464 40377374
1500569913975142 76470060
7564363802123412 117506196
5613790357706027 77015721
8485087320133795 126720406
8881029285191322 155116431
9405469879814355 159141005
1862366533037191 46469586
52830437281476 9654173
5165005991702490 60554916
7899691686867373 84418516
8681529095963226 102692780
1108211640025405 33752213
1727007371171671 78193648
4312904434892435 58623562
2013340614303755 62632839
268871996909225 18636976
1006739187635505 46242305
9358885182051189 167313538
3775852853904829 89579332
9446633726070656 167577994
1504655824112707 45117804
8625154393678026 87583340
4632845055868156 56716419
5122077865534999 116706447
6935586249650347 43081167
4433244477950462 39136094
8136021878907346 63255741
7274019084126019 160453642
3350235870253082 84268512
4116880670837022 74258718
2575323237792606 43550975
1371728069634978 49261405
1327647495410158 44178476
915743469443600 46314253
5043228996472075 118897478
4521091385016547 63735754
5050745841934756 135982404
9578167814644738 116206401
3261429418981255 48060443
2775287844540719 99954858
6414251102424675 145600109
726985919575352 20164735
6408094967726988 48978229
8523824045888327 161385990
4596516046435269 54204906
4996435637698803 136141086
158015204921203 21699199
8764812637565677 98047616
667026494343321 30235629
6528169377052759 105518488
374065754234223 22576715
2920187351189539 59756106
8671867872084146 99777778
3740529957043316 47565654
3683965681426962 94635065
5323246683695994 50961434
2321144944587191 51688620
2550496071009678 82392293
6345790297682520 56907609
6875204096392769 57344025
2146954747398741 90770577
7999020483422843 156755934
7894000748433943 149867489
469837086398987 38060288
495260049881772 20691785
8172869731477292 153445233
2701683445614663 54407995
1307761668874887 60659559
8429290997585453 110246349
1208474208350153 35887212
3694670927479426 104266616
5699133545848754 39517909
3418251775844563 57279019
2396180458366917 58257249
7787034454468082 154877564
2732412097995882 63411776
2308637505400741 85839443
663894666028893 44802649
4648803488695299 91180793
9299345243841143 114619158
6964926201604573 63489984
9166716540069903 153754430
8661589114860087 177883406
8855493549990887 74024075
9166910824890736 111953805
8405649970568026 136277907
590373613000029 21143961
7050059989257813 55367952
3223472333078668 81408179
3331024142551048 73987011
7315648836745351 116835656
7653942892845291 139783597
192735821968076 26173210
8819669332167536 85725339
6049383279575292 136233784
9435502461514270 177674383
7086667820975235 96305857
2457324317646834 29702722
5619580237723147 40627152
9939215639591521 180016794
7724521704571176 118526291
9813576208604145 91173043
9900064505818315 99190406
5607048643803918 73081614
9545248118863941 73257521
2139020473230267 38361164
1818479907583196 32011922
355804657358694 30887982
5812130921815146 117633126
3439781089283511 70263088
6606452093365428 134620102
9257552511338899 88496064
3861089189267306 80319866
9170360766556750 146224277
8451242988875301 169747419
1940855027209000 57924502
8605503378266254 64001203
2487037254854701 69303181
1006674666856757 48207030
73805076908636 10432193
5145688216817713 66785725
9781534146956278 52729268
7250532433651428 66298126
3351314030363132 63470617
3264926022892336 71123446
4720422950590458 124098795
7345349108298577 168758816
3031522908889085 38965074
2571624519479737 91670964
5536462861053070 118390812
921300570599869 35364956
1772679137201060 59334261
4508266213775766 86461227
357494319955197 17302745
3006855100968506 61675758
1274455368190247 47664829
3244826255207472 51248261
6108808819507193 127222693
682584398147352 48577313
5360649031960482 51184764
4833972694221421 89363961
7423571757803117 97116626
8720497658421316 49329423
350953055248166 31375820
7518512518888913 157133433
5696373620688976 101264095
8385791913762015 179824799
6058368839938921 75904035
3939310754117053 80639087
3135486639046119 100284265
2576749530765235 59561721
7465055828772621 128391520
9579321302049425 128786843
5945690583743037 68268712
1269338364181252 67615259
5437910867227775 133181127
5694460828773373 140790451
7051259558451057 108960078
415085615089891 27606601
9675436431677289 55195177
354675536520316 24514399
1100149015792820 55895295
632145300974512 13749532
2540787467803042 75309326
1029256886815424 26999169
8079626966420700 54451748
8480883294427819 71581232
8098232595160326 102087528
6709428601791151 67550760
731897123735418 29265616
494840355651636 30774874
9274833450820997 63166476
8313896455235878 124985137
6326116119313843 155408516
3696945223431927 111677805
9453046609160786 131215803
5623760692300129 44911134
8430312830812485 66458574
885708725893671 20931275
3917409718773818 49577634
7512586005930053 68484303
3082528889735547 103187904
2549495227441498 89913258
7222402827617375 127342667
2316222781779680 31546921
778831808654241 45689009
2595505535572286 33181585
11056133916029 2094524
8645597885557076 128345183
6294375066043428 69202999
169769180896858 20526014
5476273562045179 68775539
1399273734458164 29786790
3714905531955704 62375317
8846088983196964 109875271
9818214912437234 94077273
8904190301523755 187968190
2141940136980333 39154602
7969754113769246 106561777
9416816639889003 54363748
6827347231162551 52949459
8632162049728706 50919965
1884439328531561 30826367
2857281785512911 91672092
5360057080688309 123020381
2214467930379723 83047713
7512548404976868 134215631
3413880758804166 36903433
7215156320337588 56661511
8132172162470747 80024967
7179804073315217 124288157
1913518241282999 58275531
9674904652077279 89248650
5683728956055776 102876465
920844865555048 35204944
5573401842307854 117947430
9247362119203955 140129755
8826176344834225 157987667
6332298611572325 128489177
393492683162344 34260943
9628675396530119 188672686
7530723761971066 94900665
4937825327819799 90945264
7955924164603724 97548968
82425742483996 16449391
4698740565683543 107754252
9323498244406133 56852316
9130635043159214 79644054
7196541687459117 79007146
7872304644640159 72333579
3632212531726701 42816937
9738487802144527 109465264
8046809098753783 78902879
7778071588784121 111707796
6918039478069804 106529152
1906125716294839 67954785
5356592930817621 106705924
9338788043644148 123130026
5149367200326313 80206410
3720400691591269 95487183
5857263175131125 64290683
7367081501758699 155732281
4308752470021727 131054171
3150184970295466 90265044
1563601424142745 78562261
4055305240855336 33973529
590813044520803 18666277
8861453252330954 145079401
3961404980396708 101877051
9905536765685827 195424758
2031880379418030 87297485
7345671035696444 101762410
3833385786156481 68858338
1988613045026765 24304500
2464720235588551 95833911
2199375988600052 88518451
7035534130834317 121708774
6354530622248213 44137752
1512783720319319 75859745
8143872573597628 116293180
1191157042244549 63518816
8478397354133560 127405804
5962001814808732 57476754
9944281797594135 199250093
6051461665710077 115827937
9111912214850187 80804443
2019753839804182 54065100
1368209777095683 52981283
8841613729646228 96049408
5954564510867938 39036793
6863889709993351 107984061
2488428325313327 58926600
4726368430911223 94795574
6726207709819324 85283504
1475499434831400 23623860
702717284037171 49729836
4264988022118695 122586531
3534675786992491 41217862
475755238013889 25009880
6979339445077500 95126759
4862085389465798 74975922
360040692436494 28353648
8615698776274400 124375521
3176717686131212 45506021
3307647188441768 108068944
2548879482426299 59875642
4598658114174870 69502671
8619109821097222 81533271
4922447437540264 64333521
4165151178804187 119533155
1990527994490541 24184767
7057950039625481 158536312
4102534733636107 32118547
434330117796211 32090048
7279093401244250 132995346
7244024196782399 76960940
8491178205878744 62688184
8075679948831508 71845802
1134220825618600 48043791
6961436211914623 150413733
790372824598831 31797842
8310710435258795 48607289
9812550401502228 90222805
500228431315488 29056824
5280278469745328 92090682
5032833906297205 106400904
493581421999312 30664521
344629414939027 26566263
9391736524607878 85602413
3339444590597275 30258292
2165778300338927 28068480
7634524745306151 173216320
9005422961118136 91429694
6952297391678035 55001283
9383542859456723 140261907
6045528866284127 113890816
599568049773543 23145333
4592285809041819 59157145
6658436272379107 143998403
4730829509715324 53918733
2876193285793195 90519306
2158660958902751 82853160
4391700756751827 107288027
3962843558532006 97724698
728873624636535 17224553
7112546174142685 123389070
5502831465737376 40911585
3388021041660253 50005971
6688694194281360 103266104
9031528006398329 125850503
986849216722252 31553232
8088139225664341 59132674
8093057974089432 170026447
8921484446240128 60873948
654353278238589 26248005
5382583067964176 107510013
1609960877208816 23421580
8878704283332214 136195339
5822434219220859 55065660
6477761877354637 80846813
2444682596947533 69027309
2977487852313908 73694270
2470428141409130 51896916
7066611251668584 59101971
4500156712917018 125111155
2251711118479936 73253710
8694707382248099 175972210
154882547378548 12643886
1479913142677974 44301226
1699978551270356 32780444
4514510497259077 85055963
1158700564488814 39420983
7306287254268764 81955249
6781642477349773 129407528
2156116999194260 91457422
8751837395323539 161718184
1258884529401772 54877668
2625426170653701 99553604
4599730703603636 90683451
7047124314704003 113822435
3641435177951042 80592939
3516497743261608 51178753
3191701943340657 37511921
1461851743264210 60297576
5048335008788385 106245698
2488945630635720 96372798
6397771497941621 121102644
2444570929709921 45174527
8979252723287734 117620650
1940653090569779 24233065
620326216498985 19227947
6904942906869189 122951921
9246097744010944 73623891
9368992393224059 179211604
1114832847130960 16913956
7469993876995474 150623148
1549890012749015 32625139
5829845937701537 130484304
5293551600343676 98432304
2725208030834509 74161595
8190465366628381 101831968
7469503288956784 154787807
5094342760553139 90963963
7947567235411481 75458058
9263411299375468 191371048
3307921690816285 100314862
2925104526924173 70117037
3641877290098654 61903927
3345838405608869 47354153
187948030698103 15820830
5401433417608780 61405901
2129777723001165 78996397
3661485051341918 69279469
9449837545320768 52129558
2599512078985511 80583130
3532244853925529 110850867
8613859118822673 172534359
4234248146995138 53870760
1208944881758566 44182938
1548921048914335 41122540
6195436312244134 46996536
5363938026227366 128889076
9677974093805337 79680919
3071043850690104 48450081
168294908635511 12988068
5458223945389010 138106400
4815034929131863 75770617
5637594080677783 126546212
9431730988020172 143042566
7144812563195960 103457616
2990483421949773 38877606
6886495066856758 116218373
6320994417764639 88777041
2263037261557310 51249876
3621709298817381 55527433
6221662794914893 64565686
1298761002351284 59626071
1246028487452760 38597922
7891069324961095 115944562
1629226832702687 69596127
8363350118041821 135353489
1908111280144004 22669782
6939095752738434 148649665
2943465005917306 43252800
9634848180872812 167700899
9956120235222504 80120267
3092267922986922 37458469
5000128096250013 134470449
7361555200521088 161611939
2391675382427849 90436214
9187201176980366 136847966
664927263274137 18919691
3969708142342829 60451221
5350642161398901 45008977
6354314603730179 147720229
5428741577806294 85362240
4431650526248754 85653288
2167467407341429 53476404
4700581558255202 52525448
4036173289929508 59439669
6892180731830752 59473295
4332302602916753 82196674
2394975270437243 59524672
2292215862443723 27803491
6465534749354791 41399128
3252823215393424 54319604
1650943808450134 37911816
840075621802947 20455552
5692266835579106 143790287
159136991085299 17233643
8234548972975581 49259336
5951878241879662 72391583
8725897944015832 98876471
785072111193044 37128385
8529627353768263 94663613
6541758703883202 121224893
9707838071800556 134862985
7452445395006225 167422999
2889326348505067 67930132
655207961833063 28862295
4092080576022395 32934649
5722939811384930 38646111
9320997566796105 176827253
3264841469448321 43094944
4741022436493020 120731562
61933666051371 13461390
8080418256906660 166037782
922436421177109 41357410
8621045780281335 126710631
7115137562973038 47533324
6735113971436813 143811524
1781397950246173 32190711
3442740453714196 52340397
9951955226138263 171691084
6193578092825112 155501687
5087892938417810 37552939
4541066982104372 90136636
8973351474519953 53630712
610400341364511 21290984
2503371444684167 97259493
8063899147664146 121639444
6745117771636732 149226951
6386588858736266 119878092
7659021437037121 109083487
7275702878692685 64395218
2603242576160422 55917891
3930263458447480 41363454
7069313139126575 129834625
9650628420433755 105465514
613422066214807 20265641
5331134712925325 38526064
4663952587383529 124185368
9437811435927809 169107402
1385754328820237 64662584
5286395682350003 94884582
2424375780765452 51380023
8645205938126448 54296909
3110698083312468 67754582
2617001598014839 54240627
9605117119330968 182635818
8049204939027791 156984717
5700964558988325 103618601
1527996786042808 67107441
5298939332123178 86438876
9347875216019135 102537151
2303647196794112 68171520
8882166766095359 128367971
9886057919561512 150623491
9397176821281892 176339185
1009597669655133 53619438
9361232084254791 135691453
9916116859987782 68534520
5996111913389833 77509557
2439495361924451 31264109
5200402550765307 68891329
4916234408810618 58369573
3794407772281340 67842805
389640252709130 22870182
9805998580395334 82316572
8881167410834514 108274677
5434642749047791 129975659
920753920932756 42870530
6107354675655373 141916106
1261346958898395 18172947
9556026566404382 64561535
6847957175351844 71326362
3260375220206606 29323661
2738327323837116 66002901
4491094808396419 122933937
1765982098678451 52027868
7487336499863396 57700316
1522162863744545 62719920
9855523764838305 88802942
4018107330156963 52685887
1863034315047608 62287317
7279170010300283 78699195
9660913893114280 149013621
1504053333124456 35320533
9829704116453889 156530439
765716869019390 50119597
8910507897507835 118371748
5968123520396373 71402697
8895363745987349 138477173
9263482996663239 179662944
4845539305861444 123378990
7499292686920415 148890168
9617316267879935 175219848
5339262748795953 67189613
3686138162954954 47997225
2356635208263855 55641518
2904694181599421 61121485
9946907469620094 156727982
5689789307573216 49331666
9997917702496858 142046024
4538077179344317 97331340
5974141865939595 53966235
3346598228236709 45433131
5629805197360269 120491717
8333489047861741 137300415
8111311715076855 89387027
4454366733196602 71658917
6563473834533471 80444471
9866891873721359 88768850
9869191974865928 163914241
1309631091552663 32075100
9576169145667268 78304213
6650658156549613 90792824
1844324820733477 21678902
7409830126550022 103058600
7126525575330695 133597691
2208870392657638 35535419
9488390079596132 79150441
6797449986258161 109274698
1514594352162335 65612147
9989884236488729 178058681
9774267180603676 168662870
3476225299317766 80820934
2112130941515744 24295326
3570812270726175 49379590
2701658490714673 36140302
1731460043745039 21938218
3039294793247651 37147382
649055362549298 42391946
6206810147692102 97899975
8599367237954461 99361035
8669881932957235 83165581
2678845253096082 47041926
8602724946256275 134672604
7921297302476750 63137871
771881577062661 38602496
1121022418978782 17805844
7694379880520469 44264296
1922170382548685 67559833
1312100285079935 42665599
7436702777542373 157058597
9967106218986771 67492438
9296298765651014 55272758
1479242608271697 60632728
6227042790384716 41194875
1893413484720662 67487472
7486974767223427 110499755
78437884462804 6653595
4173790875100795 46351492
7923983408458262 99456662
296210025020572 13899465
9636482446098807 151238174
7637987806119008 58998927
7052005141665033 61312031
2289519072497032 41186965
1935702815144930 68671694
1323537080261188 35773392
1635253911394874 70376705
4433170375647127 59683156
1742672074626834 71665510
9422458237754066 83472701
3770810033746450 80449266
9500380695177207 169280047
6441286177257407 148519653
2820434777840745 53645379
2097568705165252 87995043
1987348154236969 52988978
5740303700801626 66545017
3389732925012159 87988198
3936870799205673 88841869
5687650823027558 145080562
2707185243007240 33595196
1859181233260282 60717424
5111046467781972 44430367
2991514339730354 91666082
3339238725048332 94529651
5194507946103342 53404544
5595675295264339 101521768
4488631809736298 42300628
9602273990327153 97222587
2872044056653492 64607104
9577696833919669 54384656
5518106233670515 94475423
1396169288381050 26565160
9570355875885706 51923554
6626110003013195 51315425
4980082513827261 53594692
5139849880922753 82806880
3983373933584549 115021432
4508324032658539 51810441
204802069632561 7751458
4212699777331019 73900063
7087851933953024 62209027
2290324329012777 62493367
1181914307668655 63770342
9859479988279181 186939162
5718212654641725 116935537
8593320171438888 128022137
4209839198640416 80256265
8398604441081835 98944196
9224839778105687 82125491
3551042683024538 81715025
7956870424271951 147232670
5728135019916920 46251517
8468259132625978 139396740
5337975983931711 54229215
6499929944135410 124946845
1113908026406802 62836258
9610052530464913 56565897
1935961506404974 57764696
5500793725318416 119421660
8295949880104577 147732449
2095091078330663 36783007
3470753640320871 74259905
6237752303653023 119273401
1546208377549312 75148538
512743478308028 17942261
9237082885030288 98355920
9925128965006109 121906253
7724578223830785 90530308
2414960917643948 47844734
2793227696970071 43529693
5239892544429633 115590998
1000040934192763 24527749
7193902485987312 66885770
510345316122207 20163969
3491796480937567 107418794
8742431292038367 145247080
6334281463601264 157263163
7477216552886756 49824873
1808470340000042 43109819
2310481940846059 31505553
535528360333198 18469894
353867441797711 12097128
6474628536364083 48208173
9332780973282354 71798922
1119379668448680 47741081
8016262276403201 110632861
4659259602762946 135385800
1575691237731977 73252386
5111430839630561 116275982
1393337158639624 39450493
7955756704123249 131704125
9867436216022795 82251193
83828585038694 15149742
397437961826255 27102353
5203828399498278 78453299
6663688460810969 125933107
9600112060381901 122284460
4414865005594421 44007065
6034204246142125 53283701
224930223186087 24413484
8718017116007751 113658602
9060614461599414 112768085
5488378295683805 98942024
4699963038707796 81486795
5234584742210678 97721820
7295546060329467 82977997
6139811227391648 62080363
330765501523909 31780686
265234521148896 27116995
6367441230003190 48305340
3398840864211713 66681140
9799613100266913 54897353
2705343728091766 34180427
2946038540770289 48651981
6046279333916876 140526449
4090295132408527 122595071
144632233024280 19792427
9717483385941753 68650106
6504373943467710 103309083
7896407931938083 130095853
8827054985332065 90564455
8865426516359459 105707567
4786406822938258 79378115
2923871284749070 34695906
8031969973627443 141691149
4683930668026566 126491357
873950478796185 18024783
2055854277224350 88477794
1428173179406906 59583391
3296217832236957 49088215
9883400454806579 122878631
1312008617528729 48827901
7320455152466229 96391300
306514746377485 24185595
6462400581015192 106841969
9974911375513996 128671778
2397053195905433 92190580
568471729478245 11984439
2073970449914175 30933770
4488007695082898 51015183
8729967674065964 88844347
830047819742201 27460601
1418822099832035 32659826
9571284981225490 192516861
5102959128953639 118190364
4654532079306729 108289611
7541714167171703 84306098
2531155453430167 38516458
6271721824404503 86113948
692478151448616 21631524
4751245923215460 108580885
7352392505021192 130347540
8236026166388906 66214946
3160747657047119 62238332
271072357855806 10099445
4275341413448950 118918490
8084856262338352 109090188
6298972358580183 73957430
7810672764328899 128784878
6584914184796232 129919714
4244015875289397 74229646
6720853193130693 123506826
223484890774018 13199614
5891821411013664 60907576
5637956563368553 82391900
6271316398030587 72336041
1193142716756936 36153124
9030235508370432 64933671
9919307891852011 179922095
6261135073805553 108802109
9397552928053876 50401942
6024420769210111 107679798
5810002600299352 42238773
1123201720965316 34193738
990532161532568 60534944
3404991267998893 48599104
6170600031308912 58941487
9587082238182451 89071775
3858609380386101 84996203
1115740426947421 40472075
4482417688435182 88019711
5421040650714579 109159686
3442931050556224 106202599
8010232128342300 75734515
6031693629081595 81457311
3581116435076996 105742813
8225584355924376 153984676
4903603519771890 116051031
5168041336045121 112790928
5460054775817482 104655493
7982225198441369 104666610
4727603592076594 121499294
2724827230926434 92505720
359689625664655 20618408
5124228665327882 88158822
1882777331761257 26407845
5663456631786520 55468092
9079325199755786 104668290
6094587567837659 75498283
2161808793090701 76806729
1650679522714050 58499014
4108780898708745 79150357
6994791087696455 156403840
5439332641661234 75369696
3503754469593766 48828786
7061402404384208 58669521
4682293971937185 94611172
8995284922709832 110517780
8166998901743953 73201049
6501380480007774 142066480
6131372591320976 99641908
7143072194996187 63768556
3251338211176753 61092232
1679847180665180 56680120
2709632107201599 34615319
9540208109579047 124716657
7397276914139775 77428982
7278139288580229 113420616
3756421038729371 92263176
1954732469696440 45588951
1092214001727330 47047238
3066945244157644 105379632
4413906271986190 54221900
5210770201444908 98166781
505201654712108 18152443
9773860887138586 62233616
489996107519691 11084740
1943177614041301 41625916
8125294080860169 90120347
2721534223640964 77139808
5925072072527403 127567871
5738833810137266 108032275
7452292552545684 136731093
6138713712283267 41963088
4527738475836858 64604307
4339486266716858 86413985
6961580498500238 156342263
7947889520072584 152443678
500922870732175 42728104
5620981201081610 108273933
5186730110943236 89125649
6859449607969975 153505472
8242906705253012 140187324
1957830815670226 36756650
3340340596235258 36385651
7573393961488862 103123706
8548817219717584 167229904
6055435734999722 127160799
9518500280002250 81910508
6278840245834690 150175440
2936778771685779 58938707
6403591014223939 158664910
7177619842107321 137694860
7531930804376357 79621991
2285103021064043 90320902
2207594585243510 92612211
6178393919171711 72249957
8202654151299459 80733984
5844299794392456 122892594
1280756906879270 32765527
1079502528192133 35284778
7919529922558185 170981786
5406869323060606 102308609
9033302649311849 63543625
2499415057614136 37029332
7179090185377265 78600704
6892375900587790 165542353
8360454008124087 167653099
3652344365834853 112101965
3889973592056252 87385801
6098794518181920 62013256
2686278845087154 41446285
7487847599074824 113740583
4032637862920856 94890520
1598941832274535 39158094
683798315748962 44903894
3095361056133747 38967496
1066789414246120 46522523
6091754860931722 97782855
7535987489599355 94675387
1602745320767201 35773323
6123803112690753 57257026
3824698002171713 99787503
6101392471985718 58252138
6858301917780475 46590532
1253759333140469 52826655
5207221492520971 62054000
8387442667287338 82492450
5355765694996837 102234845
1897326860844814 64634313
5412947785710881 135730391
3992703525799007 93189523
4601682522331654 132368749
4408710811237326 74383264
3966934767583563 101135650
8095800443357535 49569318
7738185014107709 154057525
4448059146618381 129304403
3833728553469179 61200711
1211484552175745 48235927
122300655607244 14615548
5381213443327654 98423613
4551187986292336 116543535
4796574498289095 97856860
4297917638113493 37478468
9486533826256693 56783356
8570215972109293 123399728
8837179732463027 157983119
6486201082237465 95978389
2118205101704430 37389086
5188848005001428 135103338
5519613080661130 41882485
6318618645948317 55808039
1471294306970807 48396915
2625309647939274 35846466
4933812004358218 114901881
9660811394375476 139332875
8416365194995155 124799788
1350522130506188 24551622
2677573463018579 78413060
837256486081598 44226003
4811249257191491 127105533
3832853528967438 45908212
4233476650015412 124090797
6782227528699472 45619001
9067773732673576 173104267
7563185786823684 89111036
4051507083881452 114190570
7092596368403558 137015810
4289342355497050 87122303
4607269759467317 38014396
9981989176438935 107166356
5620521252830508 149696775
2491381357870211 78358931
3958099456298359 120364368
764596619329454 25486243
8402929569320083 149669391
7395580000913835 89883574
44120094679004 12261051
2788255968587328 84908896
2679385537665214 56559812
3262419894450972 97154169
5973846235868052 43309964
4707712575691753 62696308
7232633711374145 166727590
8154692967787511 153324472
613764315749792 47219706
1800291551422058 39461982
3049026668323374 33087348
7454052513657109 97822721
8616424806867132 87368068
7942749008051218 152510528
6350336919296878 142163965
7924424068103764 81863468
4559472642513477 121319840
9633938620878294 121707680
4954626286364860 73287056
8580198234335470 123026184
8016890125973836 151867056
123283614932202 11838295
8262021629122131 62609004
7289579297725710 138850046
8504817438697256 54397322
8309299298022899 67719266
2970604522004639 79505730
9746480155550533 182242942
8527537263163799 125587133
5866796307507553 72559623
3948058113022325 104935610
9857508916801963 142562909
6173427097313458 91954289
7873054001862171 92648863
6920447999921475 76985905
156531953082173 19420009
183708027434088 12963781
1670130395632281 49903282
4509452470286641 63041291
3349844066943530 57276698
1806109237791852 72471481
4066818109243291 49338699
8120788685533838 66334415
3348410247780075 102465159
1883899946392863 73752816
3567567582495612 45284945
563666510893529 37735408
6325746350632429 57167474
8479753552774739 140030100
7695350581995555 73699626
874735452382914 24157856
8439327773736969 119896599
74591923974848 8800972
9623287196457556 132243131
7438608340469417 72766199
7470577992394681 130835928
9926771270574066 64378006
5590628214335472 40661213
2022144800010561 50581311
4280078958658684 128122533
9803624990266568 166259838
9156371160978344 66610646
4031507047825320 122763557
6740057005643152 134832692
4209046965695335 52387867
8691540197786289 104069513
6144816475522339 98956079
5442670393024657 84417015
5630829846924279 103652440
6233246703353954 141757980
5489399938914183 45703119
7282907971936148 127684665
6021616889382966 66401835
4212295159485947 125172806
9705117658929070 95411088
2426356213863737 32862766
3529579112973986 40806210
1664167566181151 69103526
8258181597790711 67198450
6137382708483642 136008490
7705175928170001 104742679
2939089485343771 57799190
7055591346313004 149071323
7307858015553906 117057632
6591387027998641 120927891
7628679346035670 98685103
1068090768946842 31897162
5993115151333519 141017187
2776996771314611 72105361
8155330820150119 142429658
2379207011574148 95014977
5303208944843887 127498912
1705109804068678 62851054
6833066493001912 141380681
6696279573706051 53276215
7561311842804392 84363645
3646188095544452 69573298
7055320400213510 114086495
9994422078793985 67474957
8920430447287255 81335917
2355903958994420 94087779
2271734589362100 82489882
4364727488196782 71367233
7110158736581526 57791090
5260029046180428 75547004
8366622066728494 141788980
8004820443996814 60256179
2976018303619175 55961696
5613190896797780 85534892
9552258748582602 100177450
9442020501581317 79870616
4576594591000199 65686966
5894948196933849 102002901
3489348093431133 98869746
4037741357462388 122551624
176893214991099 25798396
5834389543360678 92810250
588319840826338 31453987
2914280459176272 99684794
5623818254096939 83496468
7483648020953382 152420059
5489641191026538 96881874
8358549317812417 128421471
383854517519363 36014350
1006039110108081 38736500
6931835980668792 47161693
6314274904051260 129713948
9122961813203785 89047747
7158764303379140 57164776
9471239651828560 163234893
4142781930713464 36789059
4591394913665013 85453660
4978755845649964 66440112
87633202188164 6406259
8450054758528388 89434798
5128175834569780 121834565
5824959433665349 40467873
8208968329666510 175801033
2641515359527239 86155547
2487176437425799 78791538
1856439297201388 38640204
698406540243059 31203015
3683926030090265 108191563
6896343163074135 48191202
3134142552798894 92221190
3474880551879049 68798613
1351623013090177 42218254
5492164548433087 101856862
187681373762588 24594993
313396926350931 17880422
2622853915738419 66200231
1856411967755031 30407505
806671761937415 14883481
9418121091652811 177119465
5697916054603553 48238976
3401515539872287 45606986
7786025077870123 61669704
4910348904946827 54747730
2164113419349248 63085332
2931977901657649 78866425
3919394455998595 98188480
7804599966493087 79936787
7516242736401351 129983587
6485809638878366 141168974
3314285183192645 31498086
4735402372991570 94379512
2610744058746618 67325253
1872640667636827 40339188
7388905662865919 152957863
6641644326809274 157125102
3019268892931126 97478797
6383719130764242 78859645
956888026530815 38335047
7787689777873312 169699790
8731707261662289 163154449
8520147790481827 110918625
1938641737140637 69613710
1989430362992811 70738630
2599886514255645 41250603
8069370887928979 66770783
2488578918778319 42853749
7318811527106992 141118632
765568984238944 51079825
3181023371696891 102915687
7347826500221171 119260468
9479326716885241 192971251
4739450950242500 120965718
3944239906978254 81584936
1647161028120055 26697805
3925148193385467 77965526
2672333502269115 41293698
6986379155317099 49137564
4307268612045510 40451779
2742077668073405 90459906
4500840163962110 99052867
7762024516681231 172314058
5379596325951284 101057873
1091888878722728 41396208
1044308560871281 23533668
8307448120701099 98623112
1333163806192949 58723667
4517908693552076 85112336
371882808843832 29465818
5862532662017856 99201487
3335969387237867 71077553
7364037839991024 60548350
6405580348021857 68028343
499757352054661 33996830
2201708391481531 30219969
8087063006098335 177877713
3052968673553701 31409829
1479285178489067 31038570
9631211328574472 182794207
9814069753846637 88877791
2050523727365809 89186687
4452324867536236 79045584
731866030377831 53626634
2281871631233958 81984636
7414850853751130 124239898
8728348015248785 91476459
806071144135585 27500617
3056377489945644 38454697
158658426844381 20044500
6469963716298061 41611970
1746053911958527 65002687
924075129487931 49640994
7271238767252377 71016598
4839026576836933 133754870
1048965977581312 54088658
9273345161495123 148843034
380882122042156 30364793
2213813866404437 73475551
9698682147100140 81430302
232027415601144 14243716
8349765190223812 99063979
617191315476323 35876677
1144881395669430 64912936
9921041491456306 90409312
5441670056205349 38999746
3281874997650248 40157051
1232439139543030 38098621
2425218824514574 65024371
9066114334160441 142472015
5636342040661193 66542056
2305564355376132 27991451
252948331616177 15726155
1518069870301425 72231826
6767181923701449 117127937
9781926453264672 98493540
4525416210527266 63507302
9603267383440120 171143934
9341191839087501 67933920
2413407529809717 70826082
1073014636689829 41873770
1068373773455849 42424981
1642593681367675 75238565
6847077889116164 97747543
9750231171758099 95837785
5921392373845192 123609691
7992827626444199 55155218
4181227342533547 53085234
2241248707589996 34841195
643482251101335 44670788
7633795040092991 119195621
66549323667086 13906177
6629461376334058 121337748
1582663927415385 62981641
299850457779514 31081551
7004479377214461 142664602
2812986801716829 84012435
5836595852763076 139750100
5981990275055548 122027786
7933342850925247 149453326
5405369242459768 105090256
6467779304515294 75878344
4934096173798818 118859171
2728418942562536 72549540
5661118901049512 87861529
7625231721192983 167885440
1393807294393505 32814016
1565167345565955 76421373
8921321630342845 132755444
859129706282896 16597858
5386676537710173 116022281
4390115854519004 117788016
2633762179384970 75569070
5632749255755135 126310616
8062816355551824 154677330
2594601260526710 60533201
35004623769250 7426164
4732075337860715 135307398
3621273496156053 71253565
8127096669852791 172576652
8423506982864865 79133197
2647509652761433 80179781
3615202416958811 68988851
757448497758737 26924748
9614757394830549 103977006
4646611347249833 53534235
5626915566037120 94634580
1071929596032777 35645540
6380423158598320 80448763
5552468169606889 65741775
5262014756486961 143969935
9282282105170694 49822810
2661991467460777 33328533
5328908622353539 140612082
2367643715293074 87859927
6892728025705937 130524565
720150175577114 14274641
4786189113611312 68993488
4758614837763407 129146272
8279454443465889 113700251
3518608524919299 80709069
1474643994879725 37179186
7199266679588225 42533333
1824850423342703 42011607
5098750947259836 139930531
5294301544032384 89195141
2860520394101121 87498852
8446318346626735 173854858
4094286682318073 64294673
7441764657718704 115370778
6479354575280210 83924677
4673010200260546 55300704
6560653884934200 63477665
9257658099587505 134415172
1935398112612142 56397900
3224173907132869 107728819
6836320761034647 85660336
6722732582677509 110184782
8419232078303656 94274295
3719867519229926 110379971
6542030462232935 113511839
5420194170349741 111613034
8438977318600037 169553213
493466372661369 11129548
3712484323813832 90732959
5918013682695694 39569357
1938135191862783 38009823
5562073837529864 51027204
7010157908937792 155600546
4013923904677006 76815701
4763060096400274 76351550
2550146442048263 88154960
4285199269516617 100028780
4584996805371897 97222826
9227992291424626 177423231
4252786632710201 55367234
2379178790456672 66882077
514991954421416 21090986
2986067819030668 31717306
3927146809573972 106068567
6777297343922060 76336351
4138839363959870 118292058
9340338221717816 101566355
7482944155552403 72417002
4600364729604908 71620623
6467043468989406 118414231
6067069612158362 48301169
6358994914648952 159000111
1445074865049159 40951401
9053203440585527 177407473
7571979325883264 65420565
6439670257831991 122945763
9182084834251577 89529258
2460636200040253 59572337
1430203050391927 59114023
9072433764825361 136872897
1421075495209636 29442177
5656439515396213 77051756
3922710691406952 65334101
5963769880567938 112085575
313123057885698 23166728
431338601313727 38670664
5873628298552851 106358674
7037934515807608 140716404
6587125136448647 125422679
8139506510311989 130459860
4371215742131829 90434934
9535764402814810 57964773
6247813456970037 140307286
4415818493713132 73007995
1543107088912276 51074574
4225806073243571 52227828
3390545657710914 80998713
3915436000494474 75326978
9505526120863207 129026602
6148651898335095 136052968
3676191141238753 100135191
7148429618941275 90230569
2857446155011294 55931404
9826309509584532 172679735
7869062722104006 134499955
6983059197024024 112188725
8254951289539385 95294603
7535082972379705 141433565
7047045930449600 48102838
2626891085912413 32394527
2120457318345889 81775614
7185777775719754 80192852
1898365646700162 50644821
8064469892032510 110597717
1911310651278348 54166293
792546522869229 31458313
8844340490587573 74007365
6397669270683529 96776605
5936792529335105 49329260
8347756278747018 94145525
6299957279978229 106249326
6988962942409166 165363409
3749321027954733 80826699
8559648643189371 175322593
8881671354697818 52628437
8173505700010454 48131482
8223195847570366 79759776
4587043895815680 88694104
1690113211432834 70709411
4971048995816408 128450418
2133850434168565 77078752
2483939438399688 32555144
1679325883137344 37673069
8575544088662285 179293332
7561389399985765 168302979
9072645563536236 180804038
2590326785056842 32424168
1614776093940845 24888174
425000416632295 21844639
5743546744496301 38868233
2141557352270187 41131423
709042385092119 40671357
4153875396130988 77700951
2142710276569868 37578763
6328342193629217 137903271
4999437316616610 131688832
5585274100682313 135336153
601222431952353 40694716
5933099211043593 73298477
6485403968797638 47156998
6575292219496024 87277967
2470969920201279 29764500
7882606827262372 96858687
6150404997731156 101433035
8008561960166019 80592986
7543893742736352 49068391
1745010858928663 29439858
4316653327757132 90158121
6494147968031003 144772783
6716919128772885 147072273
4619560941406841 100864830
1926426450858474 67312358
5483443315886523 60162049
1160063899723813 37303888
866119124535940 51442237
9873564695576222 160497087
3943139184081778 90299741
3680446567356356 114851714
5990588136967830 129314387
530909262320105 18602310
927153316358577 26198070
9876319880164467 77235878
1086744652575400 33211886
4254425167285679 52337920
4946709767842641 40571572
1967014307015683 81533843
7318673428295959 53194823
1297285623242508 35256630
588006832486826 19191797
6515134627476236 54648937
8769216505669078 80651297
8743869742979077 143600196
8062369341380669 102878760
3519539107175725 30102114
3438075030082040 79946580
4080582694302200 37219492
7737259748016475 81748783
4898582818286060 42684956
1522286592543239 35284139
3836103295239041 75640075
4672776036227235 105329381
1621455411914221 22627187
5197791167691452 105401843
7561836589143852 57521014
791283806760471 44722851
5833537969525146 50090321
5398477638295141 102702510
7162030962900253 80319551
1356202732544259 41379865
916183464431831 55398707
7939152154251324 154602024
5365272295368038 46370488
4490995960806198 125180165
5895896978363577 129999770
792639171563507 53595187
811880675184979 22719486
2724686536286471 78433123
8025026618426437 96528969
8605891924884428 165199911
3994062797404789 82599075
8982327610412521 125103714
7453707372157465 77211656
582948196333277 23879641
1986894154164773 29923095
3178502082268634 112127423
6538592046594179 57259678
5030151670407846 55640540
1900928974792740 48883991
6944658291057587 64951329
9802406714110937 138187830
3795191559187083 40675433
1636050235298697 39809102
4461057372742165 37378447
4890126911843789 108108491
9529786830701463 58102737
3162480290129760 28294307
2027871112327815 37287866
3187177754197549 47014185
2073522784721398 37234999
5826330216197581 121035650
8938110730069813 176907721
300572310011355 31577933
3466360176971492 40945860
8416082381268727 76412300
866513690503775 47173270
8912379642186396 115813069
7726224000615623 73477967
9446468524645850 155538364
6127070248943254 130054793
3521699147813634 99931739
2775987073295981 94266746
9330365178069364 127245853
6029044099621400 55333564
4386914195709159 44003341
7319018292758758 42975104
209333437873948 27185916
4310842059554147 33024507
3375401021071317 100684685
4725629175476105 44930848
6756134631130628 102104403
6739687514401812 120165844
3187956846140246 34463532
1364240000098291 43227509
4536994641236139 101210354
1273280400846217 38689790
9505859152969256 82589683
2938739451095782 105509848
9438802486710507 117201218
8202216813785416 114610026
9980295530162800 163350287
6352739790103160 89008109
5475321113546255 53607882
1647788720478936 78222321
1586941910222834 47722658
4222412411264153 82443367
1000523872800068 26807876
3423065966686569 90797285
8818801600719249 172797322
490795954755592 38945238
2056427087714873 49291272
9239485662686353 91465706
3018979636787274 37365817
7948930930332663 95606423
232750185985913 25924788
1382151221912029 30546824
2275134995800217 28712626
3150855704247935 106728447
7040139232879894 163089611
9716512044352843 133359519
9508875292108556 115219346
4992680924471284 60651453
7259776461450669 48157410
6302145429757328 97150062
7733614159187527 123504655
512642743922953 35725804
7569403114600217 163887634
8445825588028709 70376099
2792391173013597 44134249
2156503904096488 56016450
8682079348745987 137420458
7015763276100227 160426663
6802632548829407 156412121
2463437090096196 32352940
8841280131418666 160555382
1161834970733065 44763616
5964033944476568 57593597
3094962310990713 32922363
3124556907602120 107132064
2153044385995161 78359005
4356173404202539 47549857
4489817966546606 42148520
7923964520426825 125436228
5650123647574363 60648966
195855725000570 20601391
5700927656061829 108449141
74702588636233 15872531
5354626884925248 115377001
5251546102442526 75361549
9621958081797386 94518696
6565140671184568 127719677
841737585846550 49345655
5429300962295574 64485047
4961725615995098 105253334
5077398570418286 119035477
5696216772429437 62436270
8648197293965330 146253003
8429558243294005 99234634
1246058347762094 41211304
1758192976918679 35589355
9257846966482306 74319674
2812261578788090 65991330
414385090070790 13001909
5011566158497647 46892185
9863140271339896 184924699
2769509701185867 103256908
2638368070005148 38402904
1879241699458015 44826408
6589048958685400 161361681
9267866699822679 103294757
9708149404145159 129318748
8019780716981805 99057922
2898091496435130 93083706
9898813476809853 52037845
7624558332292243 121358075
1212400392605008 51796689
8987268323069300 162143735
9112077250270522 118071008
590608167573487 32493230
6762261090981733 143587927
6744864317558679 54182382
8835580750986154 148018171
8399080508592533 157045773
7932589961341729 119500054
726727237011050 22860937
4431372875450110 69156005
9029787923264878 71054453
9106530137798108 122414720
590686446344073 42273664
875894807434533 35421445
3911630767534334 100664378
533108131367145 22482947
2288275364053541 40593364
81107412681443 7671828
9920881723058507 187713667
6706457024064932 109997881
6468874862589069 106649888
5428105408036301 58408104
8503956576045090 172555609
1153763423688807 28919034
4802081233491075 100967050
7328008689192572 84722218
7147664194655621 92747705
7599245698151620 159325478
306725242301315 28259756
1735241787383109 53635142
4534819510749847 81328465
7399204862855121 77783129
52739066074008 4300373
3712723463520377 113905001
7843384660150548 69924462
2426946086841390 81592638
9686616360469324 49426416
9240745565122244 168162155
8610075289386739 97479589
6375335312792469 85097467
5983055406297186 110926902
4336063690420384 93300700
8745681717350964 82741014
7736683367810550 125037621
9745899578100457 173553197
8718910318456992 182553163
4912463402266093 123684215
5809543653624868 83174599
336344604187567 19277386
4919761483714191 42656029
2906414922907694 30951355
8849524718548834 101198009
6528435209976551 82343467
1334557841506676 57718376
4261850516363376 88600285
7963333444289486 125114852
1935329027276361 63545183
7240996656329379 87973809
7543330945763888 83792360
670829946653201 23479162
3039746406649469 83273357
6503507340173665 61522864
5332186602395611 89313083
1418855672109998 64264137
8614068519413491 185578029
2292447723250653 67306720
4372562319099466 39441942
2236293663813202 23969999
8502006720279903 165773120
4148723606172069 38906494
7614273261646936 165202155
8030092010280043 142650593
3622087555318352 70529110
789873846364080 27630994
7322803716886092 116916029
6353239566979529 123170071
7785672128683478 83445696
726837314895051 47219097
2766889502383656 34692977
1610980768725172 23628010
1475704595898444 66854728
8454560715524440 92805695
4705702527803587 109701251
6703779842360904 148612278
9686179474950014 151961764
6022855898050147 81204039
129408943217688 14891521
323684281684377 32739011
4059685314779363 77155018
3807900026338927 113548243
9524587700699225 51972380
6684006055487132 92368462
4045978356919924 60514366
6629900779013009 91442080
2804563983980280 68939286
6323234741244880 144745546
4823251950320028 65592174
6581779530897591 50802443
7047724831052137 77308858
2943249805052776 91910998
2649933563026363 39833445
2663845612757774 39963693
4296407237832606 128698740
491591646278188 27229814
9242557921880392 130771975
2843189649835650 35065374
6255573378287755 42323304
2504992247026159 43239057
2979261162536150 98224457
8950151936537449 88410094
5859865703665167 46116637
5090987569682573 139598626
653521140429914 16110143
1794588691962151 68060366
9380491667834988 112593223
8969842455554521 108457451
177814995594354 24618486
4425786029576972 112773115
7898905829116387 96128162
404373406163904 29443267
811286361896878 47423097
5946877498145674 87094240
7139741752780606 152461820
4706124572892002 43006590
9493809284719645 194634526
6016224933745792 99487073
4443344201821973 65912413
8362472857771537 127340213
4559669777776212 91671515
4907121452719629 43488351
9672271146984254 79158990
5779928411059730 149466063
4809012292365313 137406702
9406980951352309 86279646
3195498121230240 90539111
6727853156564030 79624233
2565910448242360 65815473
9863607325841912 120120477
2848254897858457 86490125
6731429012635663 109796345
1588738622960584 53902378
5392196315220725 80026344
1652216636782556 26373700
2992720110017642 72508782
3930745932904475 56182416
4599975936308054 94960160
483099559607447 13809196
480552574327228 20382671
7514808276472812 160861186
2238077552805526 47735067
8931687548692956 123115166
9058451884590914 160563420
7758232477490257 151050808
9940417071165181 90231758
3899068535483974 56492152
6837808186719743 134391766
9447943725785501 50586741
3831228070014420 39076899
2445581528053527 47438375
2121005957555998 36057643
2438980863047245 73228240
8725548744839363 138869169
3727102577291682 40780914
796869173476306 55094712
9399138962814769 48777147
4822216525132975 46627532
6996827899541129 106977575
5579518877285571 100864273
8634329706858693 123480081
6833649056265783 112858877
3892801981751316 80813662
9499941442727015 144574887
7445993511744009 67210807
7459486075750277 150037907
5704760914460149 105795743
6956189745688546 45385489
1596138321280612 73412809
3453867838974267 112599794
7691669809885182 160842726
3212119757257624 63884186
7669254641120679 89650154
5872708029300920 106531534
3940578377097149 75904777
2490276761412976 98073265
6704057502135759 122857655
9539802161515544 105750687
8300002098821211 154721819
3690525606284140 95547112
40362693433639 5676378
9349985018070794 68726780
7336932919334516 168903512
4357738266945007 35213623
5940444276761825 75952452
3540677119298865 71926858
3037125671551456 48782996
6701708357365719 141633484
3334673039269756 50627396
146847245197247 18897308
2651594173603724 90159151
7826355002832359 151881457
2253617618264982 38029956
2621674754473789 98188040
9633010275462861 162420420
6641350488110045 93481564
6995967501811003 122654544
2532624813990223 49813257
3801838704711424 112588047
9096398929301917 77342224
167352732920468 14309833
3742650711565423 65052622
2525369660240961 97333732
4474906331729223 108653248
6009976558815617 154454125
1571480109411305 37105633
8327757973572881 127965066
9531837271382520 60052472
7126776225900476 46212759
7712074697990731 171729670
9342812459632436 70751972
6252922642104946 128339072
2308298614495281 94173723
3334545694843556 56691196
4339944815014472 117556984
6173301155907112 90988080
608766209384217 43786724
2904725805754207 102257012
157104298276333 24522826
7131378925955657 140301900
7351737448433339 151973127
8324827014672025 70446216
6921237942363830 82966242
4468134843421974 58070291
5052701471848725 96685271
1813780580442652 73678797
2458803260682935 34416268
4125826173834614 126259316
934952263803242 32680717
7683312589270614 130270794
6502703955930085 128947200
8415778421505444 153770345
9472350582605971 190577465
4617653858916428 41131727
3806976582855074 75133129
6924333098170914 90847998
7939195569150093 69848106
7843958119437631 113566770
9972857124945855 137218548
7443851624690479 94704008
9501298122629667 118021006
7456240857980906 99124761
9140355030971696 184532708
6457472020762226 148595925
5300525208007011 66866661
4122488597176526 65596986
3896141876205243 108762527
3606082859009093 66355488
3973274683581344 117363938
6693912760269335 138725887
4909853136025782 88137594
55629909125871 5201945
961115149113249 35214124
8853773469366008 130219220
2726316586156751 27161377
9177392715639381 48793635
5856164695023389 66821584
4486153728484868 83746726
5312690001644620 118627176
9533790864316655 111654818
8351917896234680 145318760
4854644864094049 74104584
2251856480549189 56522600
2535365215433881 67829033
575003499789921 16009416
1214805247869134 42434531
702718469321422 22784274
5425640441127858 67249581
7798203561893505 97032613
8209172283677452 100810767
8012680837785704 111281184
9144881649680536 97984003
2622043159341530 56625069
9673664723576643 113356749
5773113848623496 64663028
2658738480713607 86403148
8984294979460278 76073545
6662080785670299 148420919
9219417455331983 90222088
8715340383468734 108818061
5903098174945972 85749381
5587798841403494 91904831
7313966203331733 158191835
6878525560359431 93183469
4104470820770514 54106197
9549513104241878 72945095
5178363641031353 99340672
2936659701484052 101094221
1115573350501346 50264628
7687105673418935 145451630
2904281617726052 78272743
4892337304319584 40539216
2538974858362984 85411511
7043053716444821 162912609
5555187773350580 40355678
3818499256091297 66613348
7739924483045697 89249662
26245611999339 9189781
4671313215739174 72139352
8602845224475256 121834482
1170252728227821 51460147
3361857507792627 50822376
3636704690530454 96331491
9714330667264341 140726973
7715796473927457 152481115
2584533861501967 101103235
5726570031358592 127738293
8248175108681798 85382018
9400982534096087 162048247
3606073785127078 101357015
45710766898959 5671117
3871520899392936 78122098
4715453565948916 112801976
3303808349605298 108438082
4154647340464693 90795061
9536497188909460 180839548
1963727930863167 48275832
6915535858823077 138165322
3283821131941162 56057216
498449764310301 28675359
3212166745929790 82281909
7891361868379886 76104334
7459636549228458 65267287
5442831810960120 65989244
7113021222786632 158745477
1353883427666267 53931582
760241283462527 47158449
757552769165116 25507477
3684345607429521 94670954
3571982892211344 102172239
6038216977516325 106374406
954990387606757 17803216
2582387189807533 93240815
5380618483487903 97646401
4539529472498328 96556651
9617787128023315 176951007
5144298745215592 135463972
8439350555207066 137308766
4915221989171574 107432849
1920450741155994 46208141
9989586464894147 155968988
7964012295793868 131011483
110386142787810 13878258
9989817949086830 52980954
5536882686243764 88081222
7719621469328718 173529964
4566438151449587 130683040
7132899747920544 73909758
2873079969968100 61517642
1298830131584793 36122110
8131660567236376 94088533
6768726297675642 88244807
2547146518577537 75106058
8150010506797750 62848423
8447990517592521 138351907
4721335262439146 109358815
1159916064309661 67567133
2479364152520334 43320100
1524515517510962 20563606
3782616065701651 69559362
597407385147834 32799684
2206648727361960 37200692
5142933162172995 126961650
8725336764417061 106824695
1157874561961872 35080915
8737560532180097 155631965
6964987594252416 105595518
6411753412139049 137528580
6674589254459195 92557492
2596559963894899 44074057
5806252384788462 116549099
9145923529546746 77319917
5296381802351482 96642139
1371612795582634 18865279
7912844180071806 91271913
9803515464009733 73452223
9919862428854319 152413373
6210006843255694 46541385
3023322927448848 63424907
3598943371439449 84921525
2989698906829293 82277378
8176435713118345 125248532
844564801284791 23959301
3879478177937908 69998133
4994725959137593 60459043
5847086250599474 135193868
8736541019813857 185013777
5024970054005132 66989290
4192262176878831 106712504
2982256200900835 56223985
109312625264746 8514371
1288863860751034 43592202
5703076420435163 63380346
7926634151983553 49757988
8212952289756700 122907886
1464507136418924 29637928
7819177287629619 102810401
2115197921419756 90279905
3794104467547942 65416059
867153005438372 16033567
1574045212100561 73606420
1560898570701378 55427068
9690862508440199 116446735
8318578380157434 93165326
3571441487789366 49530688
1054977756071186 43688769
266216125780454 22359812
5578381800072623 132864448
3704323337348768 56007932
1351228795607062 41326253
6726459720584258 78246820
2011275215853806 35575871
7939263127897977 121502460
4207725608105365 108866325
5709951434226182 115785496
6707760182868947 107355420
8172891478950023 104515958
8475500081581261 129473347
2080006843230122 25625725
6717411273129531 97838157
6402277500308105 83884830
6911348302833913 146638212
3724114826078040 92169071
8973997357129777 136323247
4143247147692048 78824456
4077762997006811 60036891
2663267742899378 55285858
4378531633696137 81521837
7679993749995428 70579993
2961437192903532 87962012
5529948867368692 121118099
5202421525384726 128650022
416198722458017 30068562
4042006516197307 32822332
3840136675092743 81510669
2840658586672389 106131617
6147267601855595 143425552
9413171208714062 80990967
7194227361749232 131407803
1759873445820659 59607928
103181585239662 16672731
1597741712991830 40870813
3190880349987205 110009564
9261148601367567 118581225
8136479475487590 114172543
9126181538976739 102651540
328827967605996 25772968
882382322529183 43655545
6072074021133109 135068957
6782162631447627 143762318
7001034034417282 157465687
5762491996371160 137340004
4294782254456124 119749695
4524673825356416 85491016
7801647723756349 153667619
6201219437639397 87534828
665992300588577 31976463
5661296730284321 100881791
9495697375998272 91610779
1920220368721372 25307418
775767053933385 14144297
2884399257335962 89328832
8072431308000229 93564620
4000532203355642 122175578
876498935846649 41570745
7168518275135995 96040482
4002926665464919 50354138
7897055614898210 121525682
2462576694918791 59409105
7399871274912202 62514124
3582026102811759 46249273
1474182883073719 43715005
2408722559519276 66591964
1976716959162475 25815588
8692259145645147 155505180
3515894985348257 105523362
8261190029805878 150691168
3265620815329321 88103488
7255292271400218 168766561
3590554411449605 104274264
3683923859529878 102554006
3176976759369318 108385630
6014394127102814 152488806
4531966514636256 115900340
8308527181482883 67732339
5525979266293639 45261123
1935292126710021 44563785
1787638795674899 33669935
1579186931948162 73885800
8393829434744059 168847034
1714813250300070 43075929
9076255476032902 108915441
6528308370987887 93919708
1165799698221939 37166237
9644346857705637 174769391
5702769041146220 98484650
4449005673962923 99894490
2618967139396981 49919803
6904026696764597 58421271
6758524063774404 62390712
1949501761319555 57369648
3972585744770166 89048578
8905026649879386 150507270
8071287640180127 80333156
1870795463374347 75232415
5563808016323308 142728812
9777759782125571 186620756
9989451022930781 68365034
957720205758896 54383578
7940831586573099 141372127
8489254184753867 165726601
432303625672350 14656184
1826069075481454 34911681
7933948359301426 69233806
578543075317731 30068852
3616157430648812 85646415
5696482861270840 105941065
8102974811124491 65339652
374550929504861 36198285
7755380448532983 163704881
4165772589927801 115924179
4654012339270946 81095050
2411280492304469 54517110
8154586159150236 52619197
3923160737380625 56162671
4494902462203577 88661935
2910545176442732 88651387
8448273889056879 99950905
8195979482835877 156918185
4847428190899196 60332349
2470535741469040 73513503
216061741446640 18416952
5840750784101691 91514724
3186511654129307 68571895
2024497465566594 48625583
3394299351288543 53896720
680486752426233 17313265
4764837559407343 130210976
3544081041762928 31436064
2150397192698789 63832005
3090876433313572 64570922
8112549988179966 87472028
953336205248152 47981233
2616440836382355 44288028
4123675330065565 37159650
2460762200818201 81023853
2532705797653711 27668652
8672832561065882 172696335
4316780170273201 100892218
917312013591327 50927310
3494518165036612 83401481
9938807338238228 175286146
2794368488095090 55115293
9966313679632414 55404610
6519923388796067 68931592
8559477893145277 60285950
8469781072806750 143039105
2907196038200240 76496621
3899381217617918 117683842
1528878506766988 48636827
1282541492338588 52200605
7397313573150155 125273436
7439165377992833 149201055
1670212267428635 31298975
2373609863501558 97236712
3364738804987194 83985475
4568630638468907 53900546
6629340361082815 50227911
1150325628962908 22441146
5711066111027610 40973849
4228479630127336 91731710
1211232209699800 26149415
8956689281418154 175273265
7529188502911619 56692886
2063490868142136 40284811
3357915801417392 115668310
4509158435197709 38718516
3029804205906028 107228111
9722519089218680 79970195
1231865068302655 63538386
7913874364494060 176526527
8646014281689147 72377325
3174034071731497 43857360
7520095911986136 153067074
5307446047592691 102000501
592013407726662 20374542
978837318560378 36534953
3069511438817213 44306583
4651072963965140 54358968
3458081881843692 53845192
7749002101130392 51487395
9623272536852075 154023334
8549083125126207 137505722
3001151200240196 106281558
8751100788274187 128878325
108871592050307 17468087
6510289522984819 87505113
4651706348724585 56854469
9312151961467826 57231851
7400932215856595 55496516
8724009664413522 156005061
5169171270903315 95496401
9599861222490900 99444333
189840169304204 19160545
8118210551260015 137043228
9205971988044340 190754243
662694466117824 49582607
5830618506744700 100615662
7376579117191747 142304870
3056389557218542 106994602
2054146530069359 31793623
8154886542783719 131120458
8119405769397268 155658620
6566993911143039 63257371
2536941649814107 45932592
3086959529461434 58542935
6345109648153409 76201378
1441657027406393 54102504
234380349092784 16358430
2122108278060989 51801835
967048991934884 62124519
6076584966991158 131241580
9247084147919570 184224464
7776048993970475 87639980
9132020650484689 92336562
6904003106624667 83990742
640922127568853 19452548
39102049201810 10834854
9716869160582715 158024303
6985250672801364 69594938
2227735261600264 70306159
6640870559061336 148546558
4854789844951644 139239478
9636951921537151 82741578
5083300333251113 87112363
2134711815329956 53186453
357079326410211 25305402
5246415136779537 75228604
8829639929034811 72874346
7231329845441006 105034706
4331930227341776 40952873
2200915549388071 64429733
744364595745589 53347019
8572692829095291 136982441
3333885350749233 60080100
5546367822773462 58599740
7949475466735531 75016591
1929382458860392 27875224
1228330532188699 69536734
6418497121438499 42977953
3601684417328197 54829117
3301580992141848 42496389
8104702482954298 179538809
7871634424583742 148129365
7632904232568373 111463084
7219369633519673 90893877
5419426118314290 57534469
6801345790331427 100484222
5687973279482868 45970752
248845639021845 30053607
3752085655969291 99136453
9857403080848613 70372420
3068056025386938 34601115
1907823669402927 81942813
3347071935733483 47084761
1982296010384925 25164473
9472910064057671 82224727
6090057875922011 46989142
1796442606974650 76670585
3659788420460721 43354644
6987656670142884 61396652
1132627955315397 27857144
3108049337138211 110093333
8594623015114750 92052845
8142173127861476 52381782
5637669231722836 134028835
7940155910114037 168567060
6335279934169164 41472050
8967042362604526 149722520
9457859563810499 52841341
7264009222709939 56139420
6175104721742105 41493933
8254770174976163 56843794
3946696709470723 81157709
7907102253234763 131199447
2659189354456411 50084290
5137391760385693 123248036
3398451099312435 30083473
6369988037901095 85171370
5999021458634359 93596047
9265836487086085 91382144
1773611983629751 44554652
8412829739606355 154716736
3115875536489597 77572433
806447303815843 30921089
3019392347720662 68109288
2240888257476958 60657964
1484737922863398 29096419
5215324574367769 141815087
3221649849475015 96729583
3853343561761461 37830593
9747423164907397 196558934
4961970401384066 43380012
9462326988664552 138703353
4217299867362289 39973209
7840329394641152 84702542
3039707268219851 55509025
9085668765178204 70147027
6892358355146293 106745585
2498237089554095 56476616
3425574024510635 36109685
9666522672715345 75389607
5792785082610205 57637552
6242715602318527 42120447
637101573706127 38241843
4137408135555890 50014878
3760737129271844 100227097
5655488985361381 53488031
944135725535820 23268437
2823773415735203 87886946
4411728232299358 106408993
4167503191081212 92591235
8135573539684197 143258346
4278016133258007 129785287
5706739397776807 63891483
6243157063455807 85592896
148795714024939 15130849
2918320046645697 92982221
9762298604332343 124971161
6246019978256772 80723986
8776617513868533 140075248
1855276571397187 46034791
6382200444079665 82638548
390758181379266 35001156
9317829606055614 114485170
5212750495090574 101300169
480337182501524 25484661
3011956522725511 95985679
5590688842054135 75713967
9398634501926912 52710827
796870228725605 28314071
8872741206322313 146785831
2711311982769232 35711287
4522515122659863 37369033
9390466940195170 192201454
2983193448414097 75398903
5916943047856740 78954695
3508173371883797 93653676
2203860556805094 30090483
4219880495773464 122801099
7302840815233187 98360660
2191764181452567 40964954
6230824522199169 50180783
4304639400666686 78366005
5934890925074309 120086325
7654679025014296 56715515
5000672801261891 114739407
2982082938659594 35484676
5044417077795198 78022583
9801829415431213 50555306
2398453534801431 34907398
1126765213261682 29258175
6857907929381966 149524013
1445238052673168 56434666
2531359413396697 48713751
364012889869892 18265331
5949708010592360 56770295
6278824439984529 129674103
1961357102070394 87250129
5179679972546250 85533670
1944799623168182 53320349
3061419530547787 92670213
378164790019888 21510453
282604503521813 21864174
1155019118612591 54169264
4720227249603637 43766634
703127869802093 36031940
362320819158840 28098308
5537036279158680 75268062
7994769275978892 80261615
2956443137270584 88306120
4786272811549944 86488847
9868201906021363 136139402
5762833610715408 67604590
1062383343159212 45758433
2860114938300745 31229951
9273055650120705 161024915
2441804417608745 68720789
3869989219702088 104370359
2636572714173212 48576238
8958874745800223 175906890
9839630543124906 72655713
137013747753611 8933336
8361172603867320 67244198
9286192995283865 170894074
8035754870261397 52882309
4746247168309940 53522667
8817474422836655 162592579
3895105666577613 52499236
6613793496740259 138663095
6518479389867041 105700418
7974573757009203 120856767
7634236725863255 102316312
9704159981240406 56626935
4356962276113105 81114937
1457941388454957 37088544
229675775323328 17945433
5120266038019805 76739246
950588616408442 31113662
6735733588497719 122683133
7983396371133952 48020742
2192554550486838 44815752
7925054579788415 58500362
9405403377531661 126770690
4637807152275233 130525508
8849313063163021 73238940
3628222876080807 44726945
8033775710659268 156519810
9786681948837002 57028565
4031334023912664 54089174
9733582669609734 144578555
7942756413919877 72217362
1884775563994775 58469724
9561260381347645 178267110
6511604901146351 89663745
8501099349980324 176267389
9999220109103703 126502915
7827295287636470 70921604
1144710938901307 44053394
591106673025157 17275894
3126489804380868 102654785
5217316743096641 85897119
7904657657422772 83437212
5298911845205131 39519787
4793453826524183 72910445
5823341923294799 67972712
9394711964123144 89927231
7115612971078320 153865070
2687854891763006 90121921
4127551519082920 96227866
7229300419916395 169672898
8727799411854265 79985906
6553736858113606 121543223
5296345977352979 103437868
4435279595331660 120537556
9513025419785781 165731843
3732100307595755 106041728
4335038341482386 85850437
2451639617060855 96585683
4282634651898177 38363298
8856737264204771 72211238
8330922910006132 140680041
9604040690458519 116377896
6441765862432377 140909099
1586953132907786 43374848
3412383310312575 105790366
4293158152527634 55766613
6434202996924773 128664726
6168253516982610 146256924
3125139217131487 46610194
6739836005269970 94311609
2214951150095909 89290005
3831954592954357 69391765
8967322764368159 63596570
5000038166847562 133193536
9204313144587963 113586752
5202841727567301 44200039
5290047165729940 122387696
2363097617689814 93809842
3960485342911247 48961672
5802181938495144 73820794
6479797252878229 44004211
2544443262506326 77734700
9047357706585630 71233542
3852150007901008 74851101
2675188030939706 74038437
3807773806269294 92918580
1109517536653381 62568345
9268807976790436 152009813
2141186768306225 29521406
9327203547332958 87863506
3570484265378150 62519142
5897409903034264 125206658
4767519928913587 99402555
622010954967049 31940365
6156284601473730 42189333
4464100190651044 73613643
2271947632120146 83034258
1194378837023981 52607009
9801531442061005 112030155
2558506382247096 45282604
7763758157161446 99938526
9347774258594628 109174634
1550159424558758 21712626
8746198228627825 131400253
646738323279078 50004224
4825383711745526 123961871
6196294532279746 95798996
2809862207767700 58190980
9731850036234600 144268378
9108219163952723 165144145
3036181119237744 93426293
8201869866695647 151958974
2211151815230992 24068847
5512575609504518 73238388
1097742732024190 62875269
7870435556451594 107854823
3554999253637169 89559509
6480109303681488 70069442
5647655353578626 73654298
3778596621829312 92327577
9216610767288611 136512572
8810385921353598 132206309
431251451395878 38566915
7721238180907251 127492364
9685159017381708 165201164
4906729978159433 40977192
4080600402895546 55586680
5645092566590141 51132836
7265710875377816 146416589
2922987995669591 48094859
6995208937695557 56948362
769939725779717 36860419
7963978469565889 140166810
1251030429285471 64535740
1734089713489185 28884277
1978899554860545 37157300
9250580072194920 68917159
485180709040768 14063663
8406824709810234 85576044
9339914604526226 55034534
2990910851101384 104582585
8269507114984888 129420603
6578658176839984 52206844
8020911962484079 161486564
6169567044446221 50056562
9155457268833402 125075557
7354197056017010 71589652
2485519174937310 37854707
1519919696712169 39240893
1697486857596663 70159598
9110323339052939 145969574
1130580748858820 24564954
278294827709170 18160091
1903433777752153 71097148
5672511013827835 54567472
3943866631272252 88320023
269898357705565 17742512
4162265832171524 41246228
8181849858516596 88102255
5615157030632015 83400242
3752585336303449 121726725
5772471004940228 58013285
2124139362201200 69371412
7922155839498346 54114623
5047995133956704 42775353
1508484217902656 51966171
4950336698470159 130767187
3694955347774203 96555049
4651641465291686 89890592
6871132832684482 94472470
3747403067805220 106402217
3448445523643171 62009701
7267931494500500 83370099
423881696257479 32367146
9492068273116257 90154656
1189785081442126 65911795
2246955822071130 61366403
7704253586921259 175445918
2196384748895980 49556554
4005838247894391 32857414
6437017538109458 159342420
6433923933580163 135080740
5133335391641325 71523832
38842193446561 6993838
1432548745082316 59342338
2294574723097391 84246835
6859137958304990 46539150
3477625478641702 59058427
8924662077683029 110444573
3436689023006394 75655194
6079131813741727 123303817
8967309368688625 146910387
9860694014898113 109362241
690659706674494 31622623
4301676460725799 85829521
8127191386574390 178367379
5874820863365412 45269654
9128444875359797 48787672
299504573046098 20361636
2185464346458568 64385243
4989086767723119 93812735
20275539933879 6188277
6769032418594716 161540929
5833192733968602 123511287
3849681635859519 55150234
854825496430321 32369410
8013515297155686 152460774
3525979468565502 68877439
370741971707502 22640394
3878422160547266 117865842
3543478793083781 53537531
9974595152879847 134400761
5367264819004300 121941748
8979973448732938 103004695
5227612306406104 108329858
925301168124717 57186928
5712763844977230 95865384
6338305648067366 65087531
8472274002707629 123580213
1055864116977656 46180408
9967521522523515 61274137
2925534147639754 101655525
7300292849166598 120282835
7909361769530690 105963200
6350084999745458 141401697
1827362676651234 66795376
8312327751682757 131036480
2943322573846947 48391603
1110413806236441 32101517
126596615998105 21709059
4367658048066352 57519995
6261435613879137 87672288
9409066533823456 109689407
6262570536545547 53982629
3101020381242865 86832546
1330970813800177 26077570
8254746733614235 80142448
1972530460151640 50527685
5703587613889865 110278334
1606720702516779 23865118
3292891322901822 44966614
5000593739656974 89683658
6552391699220105 83930038
3012315068181089 106154025
9777383157209960 69687316
6509376793468679 65221859
1324382170563806 31707011
7961225947813747 77645642
4581719277606017 55937240
8527153237508630 175128182
817647034022829 42471340
3151685320098552 34290146
8433758671083309 84288438
6579568275130846 106945851
7774631211785468 167765137
8461153383407663 67290966
6918999454627397 142457155
727846542898153 51690203
1895922290387807 42819418
64289169604504 4505584
4325775584424338 87812384
1020472463384717 24715401
5225684347103918 66306980
2661224345870087 83062203
2709785470471655 64000500
9916189120447865 151045162
489489708522216 43740490
4561538501501318 42060424
3784312253850985 91799935
3098867467376132 65528550
404181410557794 11842262
6148151423038580 41093569
6969459422224201 142109735
4884721950575572 115992804
6769094681398434 48333240
9441884119646673 167845888
7016317628595649 124730568
8486993299468535 162003520
3024702172608666 68093576
1911039994665357 45280860
7490427679337319 59387798
3505914099909315 117271031
2274414458763803 84856114
3919182507823449 102573276
9722061225450408 169671838
7931149054486811 91287131
84708427037006 14296603
307469152980009 24110765
3961163626276326 42507089
6921082060588369 93365078
6180939812715246 124186447
1541548713573852 57582411
7950589081732139 82337962
8050517748058344 53871078
3322161772332413 49109343
7123015872234249 127949990
1816637830515072 73205547
533697370439437 15255157
1272176533422090 41082062
697257777424593 23226166
5189760050146044 136640421
1907345540026004 32435407
9924999256168286 120430441
6026245158287240 65817820
4886996939741532 94902363
3931188140034782 95832264
4741600295911087 111294492
9581643496431087 105737543
4058148639309930 83557334
7334156779753667 148093317
1680930754364480 61562789
2967489265005519 42146753
6892820894336018 147873255
9908167331570585 60558287
8473464197865878 158851388
576142285832766 32397651
6142517617629625 129560622
9862028226762096 126755995
5824065038714182 60743892
291016885865067 24942871
5266221940570411 109233851
2045711096623345 69521952
9708111201769432 119066470
1723166330119700 38246256
5326902484986327 57518060
9067609477610221 96462971
3051538750330962 39760405
8413316161335932 63131627
4663221691818818 114857727
7258673208367468 44518547
1221895437436041 44230657
3262281348650698 29164904
8062790461306704 119453802
7048407599808853 112454030
4073764910972102 55955981
3704052333001725 97871269
3853802540924995 75266555
7497999782261843 97710281
2953432275187683 101886470
2178057548682260 42808680
9432769643176967 120671832
3013481416907925 72462529
8118600825014342 97255274
2082050075628041 48019172
449706477471049 34771008
4849642158421057 35886592
9484868413280355 192102701
5770376542709236 134214317
1638246862562293 45323127
7026799928270818 107571771
848849728289535 56986072
3878258931690610 98181389
4693054102607506 69546795
3611180315886221 31507490
7968292543591404 73467687
9331993194504285 78957020
2854561448829825 97037324
8657372055174907 183409259
9979023659043181 150020169
2639760665105335 77120481
1271698984517542 36461059
4846386328461681 66832277
2501282586887246 32095231
5016120823795146 57114101
9099736451301019 124470458
7342850845075246 45849785
8662868788563568 93121065
6034725796256051 106813204
7813505143643828 104710195
2254801683481199 33955616
766412585158892 32019063
1761910300545512 22111982
4816993546442581 137704705
5436462712744272 38025382
9305024575994281 161179247
1992240178875165 39362626
2374570933889329 63289045
2545429109645157 100818412
2101773737022010 84829810
9182252044587935 96002209
6042195740269596 67706721
4191220209694483 119142280
9079527969257490 176584253
8749997169261069 156748667
3292894843924525 102646108
5454070295855691 47361477
4985528069977956 41440017
6025974064379578 105691727
7120558021638502 154620303
4428327012784398 125690592
872686696577925 39383775
9889740975092397 177869856
3302466846593458 88370396
326769732267022 9692148
3349939639146554 71327218
472247973635551 29847688
9764329262626726 186636394
8154901305525770 169234428
4362948707688419 50923399
8429734237297231 175719192
7463924942779857 65318640
4921314849948249 53526435
2995350195188702 86970132
7847842141179568 171180453
9010423909600778 100824801
4771716714240782 94113912
8377410375437138 167394370
7760353428873463 113163018
4873957818614521 125546910
4647970158424989 100258730
6083564864618828 123085407
3821749401802062 79595287
5406201089383913 101948408
999664822492143 31539361
3789383114932593 69700654
5410123974939850 84346355
9623056550686545 103364315
180444049650060 6814069
3478663756895694 97670770
5550648686793461 86007754
5161529562803825 79091561
1772278923600066 80214843
7213740630706424 98924055
1393464670411432 65258390
8061593986419120 63486674
6746285787408316 43432600
5162585538529123 40992807
4604730387135372 79930672
3569977403197655 90159801
9697619330470966 118193597
5172543785073035 91079243
2442949518481381 62411189
6960451112997923 89896635
5034458730451706 62821590
6560188621740743 151523317
5788864183762566 143383594
6887203928994477 130210344
9009349050047011 185095915
2559119557973262 26503422
6186732573567226 115875425
9653304710293259 135106400
4539455790087020 82566298
5472571036485500 58671653
1576408536411138 75685424
490161580440748 35509505
6180337355562380 74794565
4008015195249040 41398786
2561301856785286 51217749
8946019374730831 187946423
206654885113470 19917793
4739643679562613 40003356
8449054292055003 157755280
7438388893668764 64534752
3492665729697870 33359933
5104766926789388 100532051
875490700928650 47290487
2009921563747367 84330254
713707154602766 26600370
4279080616978293 67822830
6520127648783439 159869551
8241705600145174 150980604
4939911131059813 131618831
2960048050806567 60709710
1636333730325755 40397216
3772018670840323 36633512
3821425195536752 104514618
6290132180335485 50391075
4550704579012464 113574194
2991718368192344 53211603
9646817559610227 165957498
1694515791189653 47541090
3418643390446738 44895455
8529815635522562 164806106
7050136845243484 65654780
8789299419524734 147789800
284001396080333 21162808
5736670703206311 47046264
2100991602551663 91590918
1168233366012776 22556253
9137714788081963 98960732
3054212240624261 49614456
6061747807812839 143053943
5050846661779976 72266349
1676571246406533 54273902
9781558339265631 168839486
17963489727034 3615772
9950301962071330 107680978
7841423878227085 164857099
244279215360414 12704765
9531876430385118 111410826
1001021194160541 52617313
6112937495379862 45255158
7881293939828131 156506453
6666388985363824 117880529
401258872085376 12144664
4275598965574286 102892667
5009209672230030 110234111
885954749695778 28617837
8778763609191008 98861336
8148415808732113 73220159
6041785861681613 59565792
3590236750269026 92039512
2633998990256991 43374201
3678099576200739 74815796
8490687085882971 150581556
7331691268757620 135264401
4811629412611190 37514277
1572445283883589 33179420
3464162077689677 63388472
5784935868941864 70317374
9646090180926037 62291821
4628453574418085 83345628
6838806913523129 135771928
4286619875477793 40686569
6770819336537597 118004675
1038650101378966 57033515
4601875572012109 40344123
7527491607001263 50918861
7526925771397359 127311888
1437447603702294 22135454
5829819543230049 94196235
4631898909926979 67188067
7943272666897732 136403697
7014474379851273 150578558
2549258481039498 67351066
8081949411140982 80025773
6907261303756766 126944832
8914125272004086 176780268
3358208321581187 52617632
9535629059776128 140666936
3002695049122502 106296297
5044047195949428 110234256
9958675366779270 101178551
8964283655398076 168262475
2663679530364922 65714009
4125571114824763 85246068
2339578729737424 84154772
3885557833743461 78477250
7226575940493196 102116505
3798684946327332 33870559
8720893263538613 154139995
5596164838749425 43232642
2017210680024850 61261190
6070303530247239 138083605
5894074408638372 150906748
4276770377575142 88423696
8566489663628992 143404665
3546120834474721 35292167
7012033012016873 127227231
2567628863894429 30486439
8635227831493829 104152741
1500764580144092 71199012
9091547279225819 56878529
3233439294505265 46561481
9704519557534182 170583964
7741224317055956 118727569
2780542868444382 43383579
4214760684269806 94685074
8813799761200119 156232289
9260697723673744 148432043
7524281840002983 130991712
9783080170765665 68292900
189794761210911 25963398
267389908612461 30966378
1087301865195752 49785022
9500097007687860 111144785
1969919077638806 58386629
476384697674137 18389948
4491547698139552 93955777
6196757156648010 143973285
5700924461751023 69172387
3142297757486146 28464545
7866803795167370 114837760
9567294322647120 177289705
2479913961312832 70309294
8990924245450478 85711656
687360803251747 42785919
528542970013687 14563147
6503459360909213 126178002
9269053497574433 183120332
7372002034840112 130198259
2538934104572046 86583875
4001693948042128 62595377
8875924340734589 103944856
5393529665786629 74105244
9916426783584708 102568768
8681162289775110 159430923
8184186372352794 45925979
9425798940904057 89711708
7128114869125901 152390313
5708669429141427 140499081
2955744114982734 70813073
9388532027999563 109474430
5215878824719488 81063640
9866604071037236 119992366
1872192739285454 46925326
4556846047747961 98762886
5573706445367886 141410788
7719504046494469 122543584
4158841910757481 57201702
1314735649607502 45238424
2015010220601834 70333112
9496614254123922 51257932
8748115717286337 54699057
1070987831455242 47270235
3830545216871312 53538822
7090835691444344 114130232
1777351864648789 24667236
9376353081208390 96915797
5758714857627695 98150757
5549954986911275 147344154
2618833131695222 81697760
2639322063833538 51832370
8981940418298348 164176450
7430771225598707 169204560
5110022639759404 54859376
384682128830005 17165509
7864677635462851 63567116
4585728735860581 61050526
724769722745907 30496037
9001390431912547 73215564
5028569079912137 105619251
5711314486229428 62628201
8291316081918532 119713259
9761781150779505 71414631
3354062676806915 114724287
1750197136656493 45771730
9129173779925424 182790702
7046030463613620 65482518
4921922111013694 43967678
5252160631778428 106917428
6011928265163567 140668108
3925346083271360 108837115
1715048835390107 33372668
4657806753599150 55212535
3798842372564760 119938041
6497020683800330 100828657
6773998182771632 143811840
9182511235386820 138171823
7474154810218745 98968074
4750961097703138 127876008
426781938665819 18690466
2974521775453104 62819754
6499668889782358 140955528
9070342258302319 76800963
4986132752797166 112905834
2451126287998324 77215612
3086005829809625 76556828
2640779496082016 73316774
2723658119577926 72825259
8468011688618334 181370703
164582540920089 12180390
7722477279389803 148651780
6435855750514892 76920836
5302462808866971 132968494
6308172528622901 70778071
5126443062994420 113020314
4837113296447721 126552220
3082101307940156 40906042
2416008493378637 42967465
4899866671944839 118176398
3892705440059336 107040878
1040429638125806 21517022
6973878901626742 70611776
4700484761986309 48268252
6427698840009804 122601070
3539350127726895 50360341
8397001053974079 131487515
660583725530663 14617027
1933814340379171 54250385
4566635339913223 125943420
7931217465331593 101458173
6851735706243639 63362022
5606531027715042 126073537
3668351738301253 54947311
6173426358809661 63203808
9932310574021623 148478168
2705550892954210 42134940
212284196646656 18694205
9380289705388969 169903877
994192352697468 56306559
8757711232122687 111974143
609367080421241 35431810
1611663903435746 26467932
1312756705399936 19321059
4850246166489381 70735247
4199197328287407 123192611
7470941913125779 133215956
4094568371801814 92833283
3366280758615867 70131960
6594856706686258 133865851
8827250694193370 59659495
6159227932072686 104708281
8634681875050271 129630637
4849498944792143 107060918
1250479526076974 22005567
8646307976344378 155894089
724546378992959 27569871
9008711786459175 76217758
8268052256630442 87792177
4382310358452851 100230752
225397341960083 17949599
358480488940359 28746083
3035830125050057 90783438
4010984882830300 75063992
1255082751486344 39942983
5652939254508141 93092330
8885228492954549 118218116
848194554684137 34967024
1757616138390371 78205639
9692491144690155 50693835
9228204619098385 176638855
3884665648313849 37069047
409662198990169 26134967
9361440565066389 148563712
9529275868857752 151197227
790709356964135 19976376
1988505040316100 30685089
64838311425298 9109047
1597121186473873 24119542
2841040630588236 75407626
2837286092110421 42406080
1888199219990593 32662857
3612004496626917 97417530
2289403253508834 67643541
1599701510692658 53990811
2605461190908348 74265673
1540129356428859 66132970
3236865835406691 63169047
7647882058081177 102970082
4156464911840549 108243006
3132643831885520 58584658
6024746461464514 86043933
1683858144123723 65500355
4734778513722491 82725447
4482985940092107 95595385
8508468275842389 140488624
8013319909370810 80768562
8178062068763039 139645629
9176504371924785 141968935
9202397842560187 128465665
6559754144194666 142084351
8712065691205226 155104197
6358460296965310 106116419
1303464674851797 23737392
991370393021185 61740508
4683206725509434 122741918
5470144687422908 116143892
6644106081464026 102887292
1326719726377821 45842686
1989388822470664 39371759
7704764168544685 150253572
4425686710890825 89904544
5670805887311930 45151813
4118363594117983 62016481
369047638380071 9668415
2362499669233166 33595972
548640800637856 26668935
5062074514453910 123759057
8049711013067607 76987113
7050168109205268 167515887
6831038218794958 72296721
2418237374554188 91089414
689669557102841 25419355
8456640128938733 142037141
9999234856174520 173822410
3019159878571085 87089334
77090196218643 16413109
5122789255895268 125575715
669163560267796 47146592
4794684191702655 116453715
7152180687131843 124184015
781744424471473 18927445
9150182677564275 66396304
4690959991837726 89746621
1398513252333746 72871734
8527561815716714 104948967
552361712155292 30166126
2589222129358569 58140385
8782893061644240 82313433
4057678076820903 111046800
5463046504753798 114123716
3625497731769523 109624648
9159754331355066 181443340
6615904909745514 70106416
4892567856996305 38603434
9520916167026903 193857964
9256909872169687 75593222
6592527296292581 89559682
5268394144377037 54662394
5841869754241186 143893068
7739863743187116 153260927
9970331141530241 82051474
1677683529448363 64115881
854870473166056 33854718
1949379703969338 75973251
1642544738273124 80615218
9556139391977446 85037123
5490336157195651 106632302
5058369734756764 44180507
2594341252993564 79372519
2551718037883659 98561924
4472056975703947 53244005
2930460434668734 52408073
1986441738535252 71518353
3370264358824495 73242345
2190832042162714 39327948
2181246700196921 33844883
2892573661147503 77020234
6644944154257141 57278762
749112025560336 30045354
8858363212744328 186381101
2986966188482843 64366642
4864371535076911 108315743
8957608081222946 160200127
2638810925152977 86641640
971663770171042 39534341
4858943049798997 116287405
8281053357458637 128323459
2300864116177166 29980798
2338352464783031 52167318
2539510580064726 51584251
341480454043090 35347252
5857822848525648 117356723
2307165358679577 58545584
4542812122114407 112539898
7679086433678737 152362272
4473509709334928 64681431
4729475635309460 45003029
3524820139582798 99672759
8335226554728262 98736415
345682389903959 15197718
7151881096223558 164694020
349383320221885 12205417
2432833753315606 77910689
4940862007883353 54693277
2135003104243863 36201009
8313276061772472 169988641
7422073693370836 161054728
7834870350752009 45499925
6071979296956845 108470889
2853507116587296 29396244
124930509780815 11044175
8269958158982009 91724514
7763024284926318 140544972
778711705702249 47532747
1721654239705372 38475271
3004597770888377 90059340
8950172727868164 165867217
7513936859132552 112772798
4693143122963413 91372992
5349872206809728 46584768
6106509027625436 135809776
6352921554874282 53010268
2211234892386496 77632370
5599301347194742 137814891
827384338310366 23092194
5612360132915658 140474792
3231643512325386 41026509
9000712614981769 176926558
6658128155990798 76579935
1334073573686764 34585129
1061415376116410 30628466
6303862691306213 44122381
3910136903521141 82168752
2431142481186527 45205141
5927049630001456 130603358
990294566534053 48538440
2751232330534734 56343099
9497828327754132 170082054
8978801541469865 86464501
3605735274928612 77941632
4736624103285898 107092783
1121034590678361 20476604
3505945597015870 43512942
8411558637226764 152068586
1348258335634161 36469639
6242812993068076 80545779
8316934938446887 91283468
9191043263131164 81105694
3239032054845181 111001189
927014501689358 34744756
5570224808929466 92553449
6587258825901850 66555308
7243048959931229 167209051
5415962956411436 116319793
2384652094829909 37706212
9560007495939071 57528831
3534783692624737 36405915
355923669788060 11635347
9346715995874774 172745502
6187002379468297 92459211
5366367553552024 136264171
493175956579752 43026180
5827690999193415 142256259
794739385407943 36175184
4916534232996097 55010263
8459657386610560 155074246
2042450522472616 31945827
6369410196275400 64630136
8238138445232760 53440758
651072610596213 45226214
2065655208975728 73410176
2105288939945541 87808962
2707194739668448 87911763
9009598929002198 176214984
7274390994866768 54247456
9059342215905797 66526314
236055474980367 9986066
7653873456740133 123115954
7971615071044980 134362123
4636321233689634 48852282
2758656242244464 76339376
2856661888191191 47664351
9558306842424179 83714219
8250987472320207 100963880
4099882533628925 112746504
6101987086373526 121484617
5196631450855316 120941044
5441261875341775 73795014
8320588330088160 79441709
6953706771626128 52954278
6434056449657939 48877058
7368413274317106 122602612
9130135138167173 178783293
5118073579625209 128966869
8573639396701122 56456142
2114078532176926 58584372
8189946308911562 169055080
1160063452155133 37723564
5188809643806233 63538357
5350003058665807 141769041
3503065468751045 87064523
6669053595558409 118793107
1356905549352110 70088714
5784878386842674 77332518
576926175727386 36926552
5533088441554195 148340185
6791455714407397 107128550
2425897438447346 26570514
1010543673626377 62386151
5008740323018351 35415923
5956236263462161 132987767
1589918716457405 63160838
284640960541975 26034723
2922346494388088 59458057
5913935542623723 86619541
1186576322952541 51442385
6404805488317178 49813082
9787611919705355 86262518
741145368432916 43427777
8607748860218631 112343041
251318811984492 12174729
1365642686783965 25248434
1028013698279596 21026515
96131346271155 5627970
6284605199291618 40654001
4360318050909880 72167989
2336260455550543 56919353
4695976676828042 79471067
3358547269438733 104660492
2694828033741707 28427055
437428053698796 27438195
9026758506612072 106224409
6148985498783888 122398572
662656542530686 39635335
3158285268805745 57743748
7606816238904247 132869515
4682329767301032 106477819
9161899236640253 48703508
5368831991492529 145994646
9296970732609315 93470604
8086091081683510 100486146
7141136237039575 160748622
3069617536952375 31060731
5263189857154331 40118592
4497012447735980 54259206
57515474838174 14707860
5536979900227682 134792031
7191041099739783 136613566
7060698130849244 102933649
7823601360737965 62775583
1465719645226528 50972480
5434484857657277 50199248
2821337208339624 76469561
8730756246174063 169607234
7925115740033978 104549932
4927166910719974 106372182
6250822726254365 53009274
2427126988625040 33570498
2822444395844330 62764930
926248121863887 29168086
5244265610183803 112459148
7396823596740270 140729929
8771760760532336 50344530
4607532381435060 36577028
3998993946969338 95133030
4385816221220501 59495883
5332294222901658 98929820
5247167764901307 139896721
8000538798108851 100768308
149695534538651 14129127
9546680108750687 86668319
399403923747549 12562491
9946288523645260 141118331
6032674154912537 91769016
3639625178768005 77185355
8513260157566090 63544033
2044344563672284 37894375
3754211626138656 70390618
1684338864019589 67930043
6516043719257421 143747105
9087626351867677 66431922
3884167081809656 66085354
609268401231927 40682579
8321969315184701 53641382
8017940319264424 73074060
9849079612910329 79876315
7220820960025164 149262289
5395207962377006 76040753
550681622893771 21559060
3631615887505176 96118532
7270448190042725 145773842
9409528942103500 83224112
5619292163917442 57797398
7456089067399331 91904496
5594356644322014 142241201
1102282684755501 26007886
2544307691202028 75296633
7409670001497474 135874693
7820864342181205 125605138
2707690638520940 43801407
8468711533224992 182838223
9570528490801308 178359256
9860125627189674 57379382
3414942719612731 101343562
1579151875322697 50858866
4567822820640700 91202049
9038974305580485 156908424
8930474093115434 85538330
1249431177623285 63109471
985080002100051 34194506
8338121345917100 66455210
2900377882159496 86032890
2982012186079544 55695931
985330470947952 18761542
4958362836660152 51802342
2201799741782626 88016175
9470087784787086 168047682
7136600939565689 143457848
9370550245537765 178528934
2282126871918511 57593414
9343281096318413 161414710
7389623410015558 101710225
63828339322221 15769250
9176207534566447 153836877
4624908103291872 80119381
1825618497258926 47501744
8781562558320707 157573054
6757203911732328 47750247
4413393550717486 79186230
3656537913434939 114871520
4094463888571161 34910310
8782222844667443 94435521
9897726240345172 132284574
2947546799259493 42444530
2737014285378659 43417831
1671730799975998 27514860
3510253036393700 68966474
6587125654031813 50949583
5259836383148411 92684852
3389399231692795 92540750
6278747924264206 79061015
2756674496350159 81581657
8216042206380395 156542891
4103934336666309 89006797
4179120365855465 94376451
9618007703674763 122615841
9387004982184307 49749320
1519577036674315 28254739
3619102949463380 107341579
6114575362613164 39136051
2432725666280168 68516686
1765780504830002 45769208
7245583653603107 100781990
8989184502600469 54753369
2651616610562347 41179064
5744111726418676 52865594
5998013684626752 69734673
2333270787062221 60871973
8863850982713083 170526350
1900564835934571 57715480
2351706013177118 90218443
4442402017794875 73743299
5066594793167956 54378912
5716100605818457 132486183
517895220813202 25190286
6495613508227839 107121889
2069514559412561 53554910
7458494667196715 48792179
6859880116679698 99460600
7337817693615885 157362934
7101952425897564 76441608
8070763772660097 79239450
115851407617723 11599629
415803371537172 37265313
7116743006437489 162386283
7292049443958544 106871169
4438326461556710 55676546
9706190677088297 92498184
6523124338771736 78629723
1985972063587035 53669905
7307909161197065 74469511
2402153600176254 48547372
9690990067360104 184346653
2358599195299253 39853027
1909682468941394 56349026
2961956381583021 106095334
290665259338466 20527653
5481374420924085 80845701
7380131734003686 105285225
7394381052273825 97142053
1344734134514719 20613531
619585649314633 47817436
3415039507619036 63587838
695808076604503 13832160
8209768778601511 80567235
7993797450022844 83676179
3226521372921232 79366615
7066080976104396 88942988
4600362774727488 45499688
6025094580717503 67560336
2724558605614510 45423068
4318057555787596 90899850
3728555039454807 107472628
188573329348967 10271456
2520536559161856 59431187
5846801378414156 132798280
4922749545623445 117092812
3609860019038091 111081468
1578465984954987 40974910
8712192891711131 65624035
8711169788483127 183396278
1318852308668801 56443669
2814396635491817 100119053
9255290976073375 143110956
3210981832661444 32911065
3258071801546309 90345008
7654420095742112 63451246
1488994558282274 33980463
9878474248705424 107210306
5996820735292797 41779602
1109291303430845 41771177
1803956569596537 29203961
1277075491385623 41739415
6738452991518895 101406428
3525526884264513 37204800
9358116088831793 130689320
2242287178057601 70934607
9271941963015057 66679291
4358766188616345 123769104
4135932249308488 68231981
5555820720884983 138439509
1001622884726293 56735519
4024541032333023 46548550
5753214148745613 59248547
522672806420929 14499008
8856498501462950 127473431
4892568242909983 119680163
9937533102664986 95861533
2281889928583474 73113636
1548459262116367 60656631
1187907697220235 26755645
2872402637852950 83547784
5814774569019767 90860924
4588353893425484 89606543
6765089530014504 102888773
1791488516452564 71193547
6939203601390471 81923918
6287720280340702 60072681
1239972135846413 29440970
640329485643582 36395949
1629400825382610 37050059
8366882295856858 78060345
6061817265898578 134445797
1950868610292447 56713027
6843100794692165 107762394
1098366960606079 40659983
871282014658752 29625979
3505924361374470 29955667
8038851898278457 96040697
5560886744416038 125367131
8915785624580373 76751771
4347485210959176 59541013
5500100431488661 41388939
9759786572176795 148730105
3364744098271978 44661151
7621901244151296 135437344
7557589549783520 91944297
9461023158961150 148525587
6696880532829756 153172054
6457719885850055 45672449
7317294493753785 151110661
5372073641778805 137646183
6131417897958899 141497424
9732651011316338 101866181
6841732587551450 129047432
6123141452912715 49338420
4802952084542944 37237188
8249973054327698 114657193
9827346946847262 196889469
2341212289766307 36901979
1580952544226761 29389913
1205518117361083 57964524
9841333721887946 143538651
5902795698072052 69021848
5787603820752233 86814159
9928042257896686 100118429
911017806061512 35516222
8832553045433879 112334040
6510518024119709 155843964
617494329246784 43323256
8095749884358486 148760752
310510449452266 20317343
2249189734337631 45208987
3885577194696429 66441703
3560355510175168 73153025
6532609583124858 51884543
2156870442472489 36905999
9576022082301347 107421478
1375123739529170 73647744
3409879868803579 50652166
7630075601662404 113782290
8532216527598400 97130183
7907765911606018 95644473
1296319199393405 34128235
5961707731627812 97723989
6768861123969377 156030970
2184208913503573 27435630
2034087654506191 86084246
199851575186598 18878454
1629495551203865 20411434
7877503604002433 134075343
4971477446558441 48893485
6440954154210612 85084286
1549500014085608 56638506
958073399813433 38737141
6398304765739655 45998895
7894173004085591 47715495
1894690465303296 23160884
2064343614959127 90469469
5109429226189599 58687812
9186636378346493 113055217
8541284199296496 148166892
470122344410398 17932620
3172299639967317 88844473
9489849499277896 116196516
1050275492908762 40783850
8080191845291686 119478897
3976210937545880 33507105
6264634768439002 70803267
7467075839174911 133402476
9998295210754456 93326534
7464339550945926 110961891
2085787230709876 39078788
4442541012127301 99844327
6778328503689960 142988984
3089978873678 2254030
14519629023194 3989233
8988332267816423 175030988
9673063288892462 54236652
1360705658763049 49727109
4069241518142109 45189602
7927893314159956 161238532
843285710690918 33911038
3813866808506921 72159974
7177035377341389 55809087
9750143588673076 115017741
9665336792766324 62078310
9992120832185539 66910097
9121262701181853 135163949
8125516394216771 147899451
2193515000669538 90497672
3933120572259188 61335417
5041474151736602 117414820
9794704228128698 152783184
8956685626709514 101923239
6611055651556470 120435308
5536362852590592 85190215
930447816773119 51065838
482778466766034 21056297
871826511965343 58661735
4634704442358 2082106
4788089497658053 90478621
8460068993869005 128281312
9212771410118056 140130278
8960281750993589 97044436
1019426162606935 43686534
9330929118103599 182163718
5437660270195897 118535212
4325391187800037 61759531
8030461038951650 102381610
6141383890483760 42551713
2067017020075249 44671374
868509188601506 50933386
3809126110871660 102343914
83912126980614 7405315
4096411240493791 48226904
8024785314573173 45053150
3384511108137906 72794076
9584263352932414 186537858
7262210992464694 86968493
1007353271824768 43594079
5945536595943634 75801271
9638259521229738 183842845
3695036509282545 114279177
9413086817268438 52064896
1141405382171446 20454696
7043967278324000 47374781
3031702841300770 93454479
8176441785352657 125143768
7548936652353887 60298610
6887370209428606 105059634
234967186855606 22015039
2133486622442388 59273679
8343257058822298 67974349
4491999349612427 66795642
2433038376564129 89020807
730953100847074 27977304
8882070469656838 180328221
4694306413494648 135044437
8397632770207581 81683451
9954431995901069 132997072
9277210577104812 142948481
7012741074371822 146119560
4366403412735439 129052365
1632538406890951 61988308
2794733935468157 68349801
9745683896730563 178059240
3084842906154705 53352629
1582164375185399 38455849
5800748347266979 79022622
7696022201830207 127834132
4890745020538882 116435541
7620313574834426 121474522
100264550321621 18376839
877739158764710 17187838
197519710674412 21390308
2988367202648849 32599464
2121368547411107 88371642
1195469437698385 58831622
6861325809376154 68121831
757252666388518 31482135
680018029402691 25199557
9483692450285688 78985037
5182549431019186 77413285
9746828486837822 124997947
6147430645359857 132496861
7938985989964152 126892721
7903897459222268 123965054
6982652962421697 164491973
2603665104536644 57956883
7658506628057372 90155564
4399072818167125 34966301
1743891902864649 35891397
5414179052464600 46584406
7058503027825766 94708518
2165109234216600 39946897
432881389026695 30495386
704587942994155 38294801
4196022569807100 90515472
1630121202023002 57700796
198121383849834 24736013
3986708707025840 97856667
5860418115902659 61963229
3587133895698440 61063619
6638216633464248 121777858
752498507194723 34429369
3984685603931680 52908705
374844229275020 12242909
3310211835818712 113424607
6785489269409541 163658455
1147325487592416 67569352
8239959205150600 48929366
6076635907044503 130420110
1605828337470575 24412387
9152703639049368 180797706
8827100335641894 61644609
3416088443226713 96611672
8600052796967834 74239069
6075640017742240 59082781
1745837262783769 81771493
9516825022641212 113291281
4213373046020203 91668267
4513450235804367 59393112
6829952835365266 58086450
1374523671536968 69644691
4428006830150195 72244217
5253249325789352 90889840
9128428782065090 148969097
1908946291879674 37855922
2487198027594363 46260835
9879724841428864 122425516
1480902271763762 22325808
2005360097709483 81697190
7792461248726108 141155483
3186037162629911 69384788
3207287676040409 82475208
2270556385066218 71915427
5410182992940975 129109786
1419177295260936 66885928
5354293754056768 72180317
8183271621889374 153350681
7269311141730296 89568317
7633760072100646 45381144
1720705158706276 39568732
8563144796352097 128380824
427254003810700 28880199
6348760903628680 100779041
9200143022052734 98393311
1934077899824976 83652693
3376741468878796 39390003
289456314340041 28633863
2749443271271042 102244641
1568648992928384 74497496
9572626705174452 94365822
1128299979307473 38380250
9546719163628027 153266294
2988382921002468 97518092
2906427806661692 95343293
9323557058746117 87271440
4800375210702957 131555224
1015059270914674 18052429
7809453611521185 113150245
2170924644793614 49322415
8723152422375507 124223023
2804518957885340 104378367
5461006000942909 59725029
5146811002389481 72259825
8885064940239562 59454064
7742562824207714 133643358
2280273942149394 55937846
7299261878948347 168748200
3459073688984071 73197534
3824874249434760 46123140
4458982224132711 61554014
387414520629372 24486748
5132869183259106 135167499
5330091864616044 118431488
5154596418582130 37941240
285593110132493 29237375
2324209148234796 74115162
7672667003969704 158281841
4142808890868674 39922680
3128074263699207 52647661
867547794822734 47037911
5659237912982919 137022167
9943673299882882 71847869
7695387252873180 62184832
9861397254697329 83644299
919494424770363 40537617
9473513732063184 71548783
2729058525205973 45583112
6164848188381531 123699845
3208777500116629 63394113
5503534795354298 56233975
2108910097731710 54160330
4366377486850519 52492101
800161226071611 36955739
6200721920447148 52616081
9353795913887498 146725409
8136398323220144 142881323
2373592771452962 34830454
2030646319669032 88734503
6507121986870694 69429295
8752716551857437 80178427
1190833791444415 64042180
5777138890741747 136769613
3222016321076574 47659577
4698693312986093 41810303
7792128074793312 52721787
5087285337570959 109540946
6260437180774901 69010114
6364642558085742 97941853
9560000177027402 143745207
654262310132745 20985844
8320375527437046 155694553
7355569572164426 73317287
8960986969212524 109749937
2050991407958960 86596174
1560006665943125 39053570
3374007178331231 78772959
7017787002275948 80601684
9842179509707603 151141980
9027534508898991 179158068
1696063496595640 64695012
3633113735060782 56831426
2332335191483249 38846308
8969212585975217 53402117
1380700293391117 25965480
2290626125872327 57159067
194635546014004 25401373
2075505152312095 47457979
9334571095972435 75272942
3203087775304510 48110063
3074537654352479 108915404
5816500091809528 139750786
3461771464445320 95448886
9162184685950745 183237063
3139837720781300 37207840
6190776052108183 54441208
4588525305567695 117036028
4587152100423702 60774579
4369464950417597 121556158
2846025729578933 77346147
299092463006486 18042866
6485862720969387 138760917
4307310127041121 96925816
4394897304123053 106588745
8421058138856810 60112782
9911522759121384 176211749
9676136426193487 162668028
4671901053086164 40454946
1494502241814273 35832602
1751429879909466 34193275
5250554198184940 101947836
89318058212711 4742239
5640821498533546 94825634
9194242636381782 115635059
1111829779198875 47470463
7940456979818939 145724530
946900045261587 47852646
6431821385915011 41749692
7670916660481729 150214321
2309809386553668 87063725
3751856443134857 106949791
9056339845644295 90928549
2362746620500531 71175696
6469980146742925 121625126
2835888640163853 68666018
2962260809382254 90527459
1248634476130957 63161127
2561422862345591 43797594
6139304317226277 118991492
7872995097648461 132909946
7630001387782081 169814295
2295988913692123 80664339
7076406142969529 159917565
9908131349641739 155888799
1980328531738159 82624578
2677749165212038 71688369
8926274964755464 184051739
6208106024889239 92266011
2244542982154598 41820655
4093960703275439 36528063
592623941247582 39776293
9865156627609773 133539581
9189840118403588 86751800
2252283124329352 84021347
2892334330995214 102775812
1183786129378496 62010821
7451947913873952 75367974
6929969476854397 164130556
2777960872778842 47064920
4511859839694653 57123834
9608041145181991 119052725
8379475085337548 99345933
7328438939374814 74988344
7799507280986383 139075819
5324056754810402 92377997
4327603497747505 41938368
7691645498500631 106015685
5600537591424289 119371501
9749885721996331 142243814
261849663295656 22468352
8630662643357170 84022696
9243392692485093 181988473
7261611477640552 120826177
8188865759261015 151408246
9134552830148819 160911266
7676032300722880 129875984
2290745652485497 31540780
1165737401376128 40607324
2822583818330406 92749954
3991795652604768 102573283
9818625645267798 154657420
3241415700416052 42365849
9105614981303087 92433180
5871619842176806 107998688
1077464077278342 33858370
1660216980609639 36122087
6853203720366586 138973953
6008772487368004 105073365
6316735352935513 107406262
8201557571767712 164606883
9665127789563219 88805354
9002931756473213 179615511
1506681555096453 51393916
2826715474653928 94957518
1523048204708794 58470944
1325361311362300 39189203
7926644719217702 89220295
7314858554960672 65327133
9064585414926360 114072106
9780241785760495 133319424
8558733607278180 73344618
7822874329282848 109405149
8957670768374742 92760660
5217969032113118 51389110
6038350137367592 53741287
7163049100223023 52729512
1038825897108200 40367931
7851815979662724 173133795
7102275664010468 44922812
2625065415342297 75297942
9795079429048292 89109343
5469766567878929 136579150
7538229834992779 113652431
5073721992635916 47219640
8377917100565323 170481002
8820055100133504 179121608
7071041580005106 70316173
5392632918641489 43600418
3724801344569611 74098051
3694888392116486 75443814
5081379617170661 81438250
7273688513460185 47276320
9035840965599799 100682979
7200188439640114 108178654
8684404379663313 50106042
3017368933676043 35310707
8368080498392636 150578782
6527414973054613 103010076
9485803454281718 176351739
7426353240048107 139073098
9266129969260321 53606987
1870475376586318 80575633
8809199001632534 72364872
516291924254958 16450749
2059920448129336 30117622
7431175747526582 84108973
1146537083804705 25188726
5039848753841358 36767867
8948624278590628 106605790
3175229258988688 98520403
2930162353466948 64574668
7218796201633736 163676326
3173585412635737 66491870
983662998099814 26332516
3016281841502545 31384921
4324291042406610 91590898
1696859593824491 61803906
4363597701088701 88365185
2673136796741919 50889460
5741518181716141 119280881
946630865650747 45984206
6981627586661172 50591865
1380292690530549 33864460
7364018999875406 110666609
9256804995795845 184462972
1233777122592574 52173713
9041425448298062 175128603
8472955882892382 77250533
6154420720789170 126575167
1095689508104939 18614752
6940156018871915 149434306
5850209641031226 69096683
6015765099385796 96581782
9769092731636528 63093576
9936268594181126 145502653
600677676577895 31769859
4888245014543298 55816120
8717776722674003 179171969
220510960099032 14063991
8139443140087736 107767638
4225641867116474 83570633
4489323711155113 119873512
1916175356573520 67897174
5279783154357774 100696042
1262531140869303 43279013
215400006792348 23337194
9025837081353515 63833751
3652429849497826 30705524
6110927190711367 152662146
7235427457608946 98402184
541097758767765 31705982
3988727076170043 36603102
8192281594538685 109989683
3703927137529955 50042870
6384922155501069 42736136
168277076676963 9106031
3980946383255078 63962676
7962892218557708 164626175
7616590169841572 164167187
3149506076368231 77051604
7893986727540879 127919551
4032555469191249 111640465
4949260658554084 124534683
8792771803154568 61235113
8442439685847049 130890317
4748030497253069 78915840
5464609054516618 91239227
4838963101470908 134478591
5295196296434527 58617127
4479180468007612 85343132
7222455787165292 97381131
1629785932450869 56263988
9938320257787657 59468776
437884678208976 14742529
740699405372128 18982880
5170233900781476 51495331
1448542347883826 29015974
6647234638760216 132251488
7886182665073283 54809250
1349330397557700 66800988
8762203116762323 165380833
615637469460953 28648066
1437740505694049 23702610
6128762089162961 50427650
1664937102414955 29682413
9338045291734131 83083161
6105736511657467 73840378
1061846272230540 48465013
2461399191605874 79498025
9048501782875248 170463932
5329035420076804 104871786
8848227322578632 169369587
3673292640395951 92559280
6816571218488167 147029082
4492645299353182 55968050
7038479143827679 49200494
5794091777589594 88428404
6017610934227348 132631338
5526448334180669 87547103
9370030140161474 111480895
660481818738412 31532831
3829794638284794 79431762
5352724515678397 144455784
9160505239504801 166655704
7022309080123103 106201513
5381895937046186 46188416
4570639128502894 62859094
7581679079375734 91305963
3798505024515757 83636141
9066900800619308 147522816
4255253404429772 63308297
8426802326642238 65050862
7229789391788852 168617190
9202181827876199 189348531
1012685952148588 22380703
1776016633156247 82638413
6354270079811822 112177423
4932950694548802 80820804
7999650102336373 129173232
9316861639494199 159662273
1989755720921827 39911285
1718821364512521 31839466
7475324810887898 137362069
1651168226977729 42555606
790418710455432 51570784
8649544574989081 153833674
8408524952406406 167660151
3080058562637959 41296829
9318674545509889 54095052
885450548654347 48676482
9542548167287352 116235350
7905414097046465 145536497
7632463850561796 152952392
1498893303718684 67470961
4570576505174033 101156132
2247971525610940 64736463
8965675033701798 138358803
1144283735616166 46844464
1549966269793621 41738823
8890411099321829 90208349
9829220898444425 120086362
4022104584738892 117537656
1943098831326339 69313027
9588082318414148 126661254
2605985576954695 59053028
9431711281025801 146120354
5952880490954808 91816269
1146986609261503 64666467
6389144622764790 83483290
3458027811413125 37705481
1834604538868063 84229792
8511916510967472 156402094
5411556862928466 145717812
7734711249220629 58139208
9471121160613032 80510659
5454982185774292 94967510
2891485400467794 69655279
3490462043266029 108603983
6612110477245133 112261464
1234187887452844 42554645
5924254773720080 78058508
2916335678583943 75827355
4157426373500763 42806467
3992834776165391 116426479
7521758413148999 72314633
5291717168923445 77924955
6213851189912330 116608847
8288248354139272 138619827
2551118043947994 42358820
6318928527922424 110752514
1968013445501204 66202999
3640324475626507 108084676
8888323357588653 131100691
7929033965608361 135744713
763586200545268 41717216
3182509346736781 80740307
8202264982945599 119859960
4477510945911853 38972684
511882240328653 19446110
8534321916668388 58266261
6070234670770935 152271072
1681335522799420 21217239
6167905210343683 56410629
910595640172775 23715776
7812134097678173 161834480
3921053132387310 72583679
6782958087280476 86325802
6507870864428161 142920700
9900597949684685 124088745
7850412360809276 159179185
2457501393727702 40534773
3701516196598863 83464053
8653174805839874 105362621
5419313236314573 42430506
824122959229941 41997636
6370551885593106 139580575
7816087247646550 170700808
8080101821533414 148039184
8894469831841369 77458806
6312919818388186 127654036
9650625282728605 75278338
2875723055525004 42104442
7332873791556842 64374445
7270020617561693 118804178
3451775545936456 111052740
2876793271149360 32818901
4813260444297290 95928284
6731465085537450 140105023
376641039812269 19866588
4695511034065900 134943208
6533000196849734 127813694
9057406910760823 74695834
9417629354367430 133253931
8354145490334278 160227444
9781360322060087 93251279
3859155110397472 75717286
2787231618099187 53894438
1736232503778408 35696994
8688308402935458 64697824
7720990813410900 101355859
3806992319782192 80021290
4806750991324492 94737691
6818620727329971 128892243
9763120049771567 88075683
799858586971069 49579048
2070382870189609 67361043
548613107130678 16839817
7266729457941982 44679768
6993138568987557 59831057
7249240127160048 148207216
7380269049223784 78608596
8020421238178482 142490361
1139097457760873 39689071
9863366865801367 153538791
5592547012743516 42550211
9765489294582507 109794756
4320835216171665 99883424
297728527685471 29059860
5811792595254045 115754577
4543468177770878 85775637
2110864451794945 82601971
3974467827557055 48968199
2259644976925848 48672639
208198503707454 19981493
4742239211174156 115433962
297191150007158 24836433
3816368873031176 86672824
141801037227592 17916387
2994090254601920 40373459
6183599674118545 146679013
9964871572514526 62748378
8642348557250749 116516385
8560699260328692 46523955
8153622869080393 116653995
2932960299012715 49494757
7636734890802689 118498644
2283436739242267 90498435
6264149331750387 66429157
1050592944412698 56696471
5945601790010868 78849446
4088529921779738 33996101
5241958438646551 113099560
3169032509434547 61849033
5191122094264323 113434072
6606538193433041 52240569
8088570256622320 138888262
9360286731104552 139814284
290932831858491 22450352
4796016814270526 121368842
9828825844422211 92681087
3347484738912244 55103317
9367107312893306 56909585
7016289251387451 70256095
6705565936815852 104220406
9125396295706562 64045558
5745973256744427 112970700
1324912524810107 67958969
1914158687201088 23021036
7818132629546296 71362500
599643409561227 13857189
7377878438933385 133990456
9126634477916233 178211835
9784324388614953 76632594
9520209681097710 153465503
623775381502048 15448230
5308842627955300 75712949
1551732455006463 41612723
7351147700735274 104927205
3713134137339656 45764814
6762376575204200 117962140
7855150677782157 115429003
1671097879526340 34918666
2137657009356211 36834922
4855363635333453 39033652
4612790270420567 111358716
7992806851438499 62246932
9229601033604320 107477598
4739509128807250 134112738
4665609213626958 126870215
7520392020255072 120924908
8111155256596175 133582574
92280582526629 12216907
2286662290940936 86029732
6174177766923676 111630911
575327210614519 18627459
5234532205516661 99357094
5608993474616818 142354288
3060687681949447 96774808
4936394466087111 64245552
7881038979721636 56288036
9487861501821842 187427201
9859583837081583 144001572
5039212815385727 88508907
2083061569294007 43902193
1259811715474753 34838403
6807349916816575 102635003
5054972624643804 114593140
5520664446959135 41643252
1575770856151514 23961159
3392067476380660 97760535
2374864401694447 69524709
7326080584557401 167686825
1942692296011334 26905709
3742930746581729 91091392
7733065193767037 138975049
2755285921086773 61102958
6661220092792083 98738776
8277661183388840 148386962
2556100342474605 100636845
9353142583545801 184216237
6326074627664843 106556834
4602195740546873 122039539
3183116936399104 98160659
9939299447825822 82646158
844319600480458 29324846
7520000366244794 108674990
662946806678517 26565197
8826386641656436 99834456
1189499899941690 68920436
2969870601519624 61526448
1300358952889903 19727370
1984760055921434 61318744
3651629519694197 96417232
9426881555316541 69171040
9960632108857597 114290401
3921577537276811 97743846
6851658230191515 50023837
5256447492844436 99756658
2147417349333960 29333350
3457239291818087 107718194
8192089553174760 97695981
4542207795335066 110984131
9629664386532915 59132141
4187369078842789 77344726
9659821379000615 170667016
1846276605716618 85241950
3390674338649052 110341138
5468110292185019 49791331
6892363080488731 159288715
9167945981719070 47978252
9288659077277238 124831425
8887295567289573 50692036
6550985186498957 143737467
5608407673554106 52748478
1023811168150438 38388379
5520808052058998 119817218
3566004086525597 32100947
3145487227305565 78464071
1367919215647647 30442262
6483200608298929 132082695
2476009890486679 35282560
140911036638139 10867969
3681048925435805 56797257
5999319853603399 48747186
3875297430712851 50596614
6267184932410897 97374823
9042258169046071 85594543
7986961313757139 118920091
1427243945110037 61969504
2133651891708877 37427145
380730044194990 24930128
2696822872292606 63173972
3797289869483914 46595201
4910209641964654 69629599
4169409664524138 92057298
9652638783281201 84976985
2549789627384477 35125122
3031200272749685 45025614
2584089852167071 99293500
1491448162966575 58643708
8207090245792796 49998256
1996393745763961 69491825
8116636389721215 133725005
6187515226039798 144205745
6254888806768132 77560881
8257380630137098 65845542
1636019019776543 28604086
7375644894389487 159951138
939324328171397 23095916
2533872833826115 84853640
7240918084505842 84877605
5522912469965772 87705448
5222550516709339 88388915
5243049318501245 55382089
7534108883163755 64855812
192531224418380 8612050
3074187087200044 92984147
8341459089646971 150641742
9571245076382487 135172465
7188005003893447 60016886
6806786818957699 72839175
9395002853238051 102899885
8368796853713885 172620374
3088713038322169 38106664
4688145310072927 68265441
9153657455910153 164425993
1931958955685420 29337797
8605715067576022 70516708
6077712877078336 141671627
3933416996518448 46738715
5540376183374338 119791268
6667225732519567 145431723
2431300256579338 86157514
4553169525206782 69525962
4840086450275355 78979892
2581538844015569 91382664
2607238270653011 77932311
2045173141165618 89533164
3128390449488077 67125815
4330635488047082 128551748
3334767571708937 59533458
514005764496193 34547185
5026205077060528 99702635
4678213808641250 90025521
9616642436650692 53975905
2594904698604054 86217044
5699204866195181 111222659
9360626188562678 128147783
6001286553244864 97355190
371462228711961 11749784
3432543638831308 97773853
6490619620706027 79387309
8847509491272374 160894689
9006141666398383 57132606
7944791692932224 101639718
6595496005435801 81160120
1323117836358135 66734685
556625722017913 41689937
8247605770223382 90074602
856129418749085 46479753
706417384687202 13721775
47843970853633 10877007
7877788156821079 138508385
1619033419417982 20472608
6768041778342181 47404211
3434112393556044 50619668
8126324585376221 174710160
3151191819392515 84362024
2663565743705345 95617826
908979379305376 50260244
9707199391083328 80684008
2979456796778116 99173741
4763025123368449 112171882
5764893139152980 69302037
1699907137371523 46800070
2825710892144914 40578796
6657889228887763 78475841
4785196921682826 92305890
6744347827675900 89244388
4135127990829207 69559113
2343636201274234 49655776
5413343517964350 57053419
6573848446831967 53140360
5291186438486204 132805608
3775916321318792 55011800
8987090042622697 62413419
6660638181634469 81604594
2871295309775255 59982464
6972020929280151 60710424
6618201198813367 160977906
5449665601148519 58733058
6885370523782252 150374602
7658974625306953 135819422
6139550122521778 98669123
2654901508043188 42457402
8329086697975989 129453760
6732275358904752 157205584
49380377556760 11382259
623545287535302 13162661
4361069792837674 125103431
3052500112530075 67925741
7427529176134569 127350157
3950789027235106 78469395
8672027477412526 146980647
1586763595570995 31914383
562948631176054 36040097
9509735526511665 143227265
2894938339349157 105646970
8950338893645081 50840108
1055913232785547 19416255
7750124102294192 164921376
4693478364881165 92007014
7728035330436326 56420915
8836889949969877 181557989
8434747049119290 119917242
9820544261599816 112481660
9952978031394773 103092614
6545159239462697 133113851
5999089630556712 153610722
934767105755145 22758990
2823593144396576 31528963
3988329742679447 103304428
5991212239080346 80210503
4515358700167878 123205493
7835984832274427 148425533
6513295419178203 146802187
6907907704696626 52276118
5003854785300976 110719143
115032979641103 11274881
2843615873385127 100386835
4545750973091610 79271560
4052488468701141 97632008
323404429038439 28360005
7778632462298460 134471191
7946421395822149 89597736
9765197762942478 139287698
9141433663765400 89439159
7977175586691823 69437011
7830625774685026 108295185
8704791853499875 79487691
7957107979038598 86035689
4036428490871317 86717884
1196179446112278 57663253
5505144660204304 38996063
5371061813656182 115011564
7667909239953997 71812228
947579988297992 48651247
8771467556050524 185883333
6690998761991913 79826404
1521519919248674 50773395
7383402468370992 170174891
3067151856728384 84581681
2071947198683535 82692959
8905022379978854 156201015
2637546673952634 72005804
4888355701014368 48411090
3041004541515947 67084967
2948746589340863 85838172
1213463181539343 26014142
3686390573373671 68655879
4615300921574442 134968142
1709646618401506 37348922
9824468363369672 93314697
8025676402940382 94708351
3003798540570827 56413528
8387367357745899 90345765
6502638567146697 44890683
3695024813078359 111475929
7536649374726686 82983518
4951626429991476 98134135
478110396025894 33915582
1760323000471634 25881639
4473810655057644 131470839
1581646905768549 34994918
3477016290027425 101025376
6186062366080278 144064580
8217825940209475 61315866
7498246431842095 160683472
5505484795239820 84756500
2537234661324880 89844323
6974064036495158 63076106
4222110316005091 62614904
3625193658995865 59769651
3522301113987029 70838427
5374209797652646 46553019
9232309482750023 111489014
953065701249775 35968588
2477353795037307 32515855
4605076162091323 83894652
5294331280152987 127918771
6833436240278498 56243014
4328262421997765 96977090
5887534772429661 109246348
3779336547583427 50118109
8562396455622123 181226262
9778584714829853 109651765
7488490751576418 84682093
4755348704669521 70785110
7130016426262536 55095604
6941254299998375 46121878
7757479326363386 45754798
4834657827701686 75077722
869456576977015 49152539
2360399110939872 84388288
1774447811678683 70487148
9930217182541726 66004659
5199342725389804 106965262
8126955986345982 115499312
2762215754212914 28368342
5491392349967493 126144607
5810488889156650 40634318
5884781758640415 71957098
484891545397747 27663968
5759319147868534 44898019
6740531257971458 124758688
2405218187828724 93878979
2837722846385653 35453209
7380628454542843 119703568
5482376844618266 39379349
7815365841736458 64181142
4007124074029256 66378097
7945595544091908 106461393
9242383924165276 182697351
3360359290784089 29484289
3038656068753312 98486335
21249197083974 6145232
5120713362978506 78147069
200761427945075 18253756
7995608037267910 175830153
609575430401520 26675698
3675425689645578 51322210
7007160387752093 94561742
4748676296190780 52918464
3297731577872941 82237502
6201337242465042 137688207
8444520980359192 82479185
1928969956488241 68340285
2660680595887826 73713703
6263795947493981 124476441
9728370190953796 152791592
3229611397834415 96435477
3151259878865600 110284942
9089763441702661 137769763
1551840995202760 32373264
484509439707056 34709612
7042414116617567 124543902
3065679175291957 104031320
3734430453100273 117467202
2127061436302320 54721673
7236731640742948 105719235
899479546313362 38986926
921335247978181 59313257
5979107901223681 119813623
8117596074175418 117429711
3382418178682472 89784462
8646699419337700 165391909
1124593968093019 21367390
9337372394173311 141949426
8878577119717464 122792148
2000914526925399 45389135
612272831081626 16005834
6047528928687209 103590629
6333903762647182 46164994
6362580789289318 97232292
4320731719653183 85393210
5319560694023465 139744289
8591701462473120 161511849
8325008239754509 53971284
1499992091579086 66485878
4623720564917832 128674520
2478521875193296 71916573
6078776521578250 54763225
1946073486424756 67228134
5161417138799938 52547764
7056827316753863 81765146
2359959459604177 51392403
4068331470552981 48814347
4478546065491258 64169920
9132187051152287 109248404
8654820556315211 131770813
3604987173351469 75702812
9716893670718555 152158754
5482460904792234 121192505
1358325203879615 66616157
6442846774026141 41842589
8402749037803621 53595938
7216600415408069 114321000
9110508671218167 97738901
8340572184123448 102090937
6059176468912811 148661765
6920117432886791 56081362
9240571183750613 56182824
9045891594967755 110214921
1715007330400704 50398403
5730100348462521 47270787
3673688814099947 82343109
9689470114186997 61493812
2815890558848138 52926692
7840858823395144 101905472
2710510733140755 32415599
9995508006995289 195479583
2939951955505297 27940185
1917506544029645 36242647
2259073678932828 36726340
212519128915573 25393530
1923413503067937 33701826
243229451091901 10099770
4160405978991423 99039213
5350250657224676 138314187
4677799067426959 64564244
316128380501164 28175589
8798052492610600 86968254
3439105721962623 44735840
1212209481948565 28558318
2706542133458478 40552166
2552211146033043 81275543
461788936448434 12830560
2543709194555020 59447687
5406343509386525 109360941
1845626689362793 75374779
6565265809410413 122672285
1531985806948880 60901317
5393842828884371 142312535
9322909410501327 58948428
6201164998023150 125098198
8499797858965413 83076129
721737594865002 51119455
9104570052177152 166769695
7542676922209256 84223944
3229985068593224 39364627
8052244669898655 148684527
9620691966829497 189514983
2263734407467885 36078452
7787107163183173 173817204
4157612211510400 97325546
3545477605884794 48033801
2427295525242396 65472090
5238648404145541 89099669
840383358775775 25667246
355278456999341 13091557
2037411583327231 90064671
6138675044414033 45287398
8158201230640990 76571379
8884524714718906 81486105
1324764670491245 44157244
6908815076930601 73015112
1368086675405169 43504961
6161200711467982 121232589
6001253861527234 137607089
6823586298499759 93566952
7251434450901824 79729809
8396629951859823 58042315
6761293145353183 117412778
3186933770250679 84544171
9401272069939022 103113263
5106911329491043 101927923
2074202049399140 46678532
9111299070156686 117700927
7852543503929987 124024041
38045845676889 9375910
2896333699143933 64147152
998047035331515 34349308
9011172612398025 68599762
9219451190228006 148330329
506312357783864 42988891
2217391705469247 31804061
6125183681043631 101658968
686941422991822 51038028
4208218269624845 127545895
3305776256934380 94848109
2093960048220983 54581707
4685117626081006 60587935
9600977976583386 135871735
251871873381918 19063178
1105971266993413 45665828
6029364289203478 52483024
1749465958556432 35882235
3262926102012326 39767632
7583620383428105 157607643
9243017842422327 68258081
1900931690927778 71181605
4994905884669126 63267138
9474520498099827 169877222
5776686424922403 56172824
7259175867886266 111227065
7804965641196006 109805681
816837165194431 33645496
664321556374143 24700950
4274479994893668 112981611
2705353766534806 56224763
2970865281429782 31676300
2160934538305782 65332128
470471698658724 22064221
7712186089648485 49796358
4641234008740610 66388037
5834456444830299 109348837
1037512246421629 42870770
484991018932047 11050068
4977273724961377 50498939
875337413006054 35197217
8366441619963462 79588357
6867664311880737 146680853
190422935683477 26891076
3573527263463633 35108230
8169199928272766 164446229
6704151962995691 92809392
4940058529171021 48185662
968270714318275 20318789
2238355469394188 69688156
3374819020940330 104439870
1433526302648302 48616091
8700127083534913 84350992
5794578253563490 63566343
5025621857905707 87697920
6595178487758560 69214473
1958627737236707 41201725
878361537181957 56650571
7246842753308986 100158791
9828730703855839 80696926
3286517904508702 102480341
405685550137870 33671273
3940193159729732 98152447
2911739590342043 96837805
4531120666869010 74633222
2951678011576532 108548720
9964659577904514 108527553
4561906114043133 123663504
3621635251371062 37592255
1058645623696144 51742608
5943448875419900 55479662
2932855019728908 49495215
4674956246957240 126248141
7088351839110174 55383895
6530196262823174 54192886
9385561655830601 89253420
1523066656946745 58036883
8464464542753243 163096410
7100458479079804 85155258
1421362300370488 75025191
8296544459624922 46648447
4615344826545278 66372213
8360876505341484 54783907
2225452329248096 72020929
405072202601327 29213614
2986695925340592 42211264
7227331190998630 60815521
847719076673706 30476556
6140888672411000 149815692
4001355326093579 68483454
6121373521993801 74352883
6920890495457091 148335563
6029500089064190 148683600
8397327451012776 112793331
2799872932243715 73814497
2866783735616499 69625237
1552315304872827 60463049
2654001660219684 89572321
6369326637318194 111960615
901255549007534 29808516
9462124618090073 88633295
5946158329941772 64416992
1759716547902146 66376847
6096889376264100 121808226
355540927167836 21876545
6051824210540904 137370654
9866340522859295 88482581
8996664967446400 119107233
7651949659783114 60196866
6821234550514504 161963447
7303959979805037 80408309
3391921669766361 55694446
5706402070748554 73720212
4624501578281279 91896220
269186137348229 32118343
2271458139575177 36686730
4421302967935575 43943739
3473895154648487 77691321
8611362165260441 82631102
1778005872309524 51355697
6720950216989626 43112836
4637146047147621 117848769
927681895356275 44281737
6712653558702456 110914723
3107323165397602 74779258
2528672177897998 38870387
4578651155264060 37945186
18597826367498 3491720
5314410527187544 92964014
7112963990693092 61570595
9997468431665916 129297360
4134677888225894 50115851
9082496176796099 129414788
2541827660674395 75635655
2759536324957603 33940811
4319208341633261 89346754
6882339701541961 53277398
4919859677609205 39217006
2091562710233353 52074646
8826667815781531 171735508
5883555386837944 117501133
6519241210388913 119320517
5497734377297848 51519588
4732525294095778 58572648
2054761051597531 87957439
4594291621517780 43187915
9407802806234446 128078873
4422151781778901 44617315
9518168067228609 193729052
9322518814590295 97943217
2531086305220899 25871916
9630303198450388 60130691
4834852274157812 127140089
9171380037965752 169290841
5594878147289640 56329087
2280062937224965 29645906
485701130850438 15969460
4608146241579299 80623778
6316900740569881 156953912
1377458949197051 59775661
7260687902769282 50067973
9110682381898111 99872956
8287588762150879 106331146
6523445329899840 53655834
4317521086423777 60697550
3759283504981927 106007759
5688527820337633 141656778
8892002751503622 110055969
6905944322193476 101666035
6443596338588542 88654314
2292094176069793 58271510
2273941334833540 77200532
3271852830677656 102369896
2842711075363077 50949163
4221013912988324 123556927
4686245151594896 52104489
9522848010245475 135991295
5884036815424448 150693304
5676076871991255 98142124
6213085977561991 153102534
8050984091854906 162802042
7328138229480878 167900655
3139497034414991 102199119
5412944900499671 98384950
103178291652720 12315586
6775684504830239 134635017
9031221823042445 126357749
9548703859176863 80626924
8632269792169805 173096310
8437697252496612 145793891
2619942319622534 34577003
6370962326944525 67148575
3289364331040593 53482849
4975994103141099 35979212
4729431964097540 72542924
6869116816730326 151797735
5727062364712645 48362654
5630546071668336 91626888
8760201381769836 134987619
1963006047733192 46742387
4191273066113509 103709412
7038073784326291 161907894
1480957061723070 72398665
9168473439419610 129297662
6475544903494853 66090195
9630305499932029 152705681
3222191561466796 96067719
1156540893125658 37598338
9663120815003532 190913778
7430853730821786 68029788
367770788332092 31404949
446533645753619 10572394
3307274097098020 87690013
1724941666682201 75450289
6814063679955313 91866532
7002613313891148 110843352
4257502593804420 85200989
7404959667184108 80578714
6351952099722664 49849520
5778211798030076 88009834
953532352261015 36301957
9762405843463824 152796509
5966054363236228 82422113
2145434157951327 24333258
2527820074166703 89304305
7136049388933949 61323341
7652988693595412 171089890
3531448911078887 30993117
3743915919285263 91085156
1078081826655363 54298288
4233840263372785 71462882
904666065996782 21553168
6176012081702300 140512364
2029399455089620 24767093
1057431356228069 25568055
8374582278767393 91997885
6475617347466719 104072562
6699209913212456 116796669
6631951959911790 97204989
249411013233301 27055793
6383934362404807 57854024
4350918590647289 113815927
7270567525780686 159236578
4920815414556853 73089447
4760676247191373 39573384
7941584866533549 127717038
6260223206059660 133179499
1398194622642049 39598785
104614081066788 12300129
6987275697672858 72992009
794487651840552 39215515
436637874352186 39402657
6866416222014221 149218771
9159717102651378 188001562
8709179559980754 85302863
5792958117698635 53065059
1154495184610899 65497154
3941806732973214 106128404
6611306127102752 139060529
5571245983896866 136832119
5938294872483443 48745177
7048672036395181 48286914
1270136879236326 22010807
3203849145710717 80718938
9111974743439183 145444597
7895538324497940 69507219
8371655288647870 125518910
3532111511236317 89909867
5860651609303143 61874297
5461392090584359 106760645
7828617781138284 161154327
7458405951876552 44979599
312328359933540 13828595
3077829889825307 62800998
1251946355231625 54569535
9367470726207269 84805380
1417064344671241 66035254
8778862150155986 90559013
7896365505149236 95945298
8090093916328367 137718349
6663326154370251 70167555
6149779755107200 51194614
5476333624513796 106408135
1259787141414346 40025332
7774195421974309 166451176
4141992605121726 102358890
9059320304211005 119397264
5831834990655905 118196687
5347249966356067 116731500
8115660757947526 93594899
6251862727536860 95870862
2871475521421321 80364163
6888260274183933 124992085
1090549681705736 25368999
4355714339924604 94802342
1462153564390691 45686669
6449895111899325 126355456
437577582202775 35057885
1292666180159884 30377626
3541772602448982 30208840
5619887019081470 104286092
1363527619371091 55783810
8246196713665895 161236320
7111285875950500 63558856
6798956645445009 99221641
3616194754761953 50658461
1145134208760861 53200143
1290965742642331 38510820
6042147715956346 148236995
6239515278422695 135952586
5881341118628696 45932972
293990798275999 10753075
7603253821386406 136305271
3631002879135977 67364491
3172704082635509 74613622
8823746650132517 134296305
6399363108212694 57482732
5471921246054845 105796423
4768103938552468 111775022
4500958935333566 63161167
5723734383702885 53234514
2590612817501425 93752351
1059718956158566 60508316
6937726273577149 94772960
1086055883943555 57841243
5733844945850934 132784223
4450979458773567 102635233
7255009608399842 62485735
7982650153850775 55842425
4925632071885787 62589351
290162794278112 25834785
3722433243450286 66413512
6360184608960926 135888066
7912299526905434 54968381
964036477378797 57567603
1267411405909425 23616844
6662614479404359 163175490
3235030354535736 32531631
2416109695881273 85452723
8305438258916315 71014741
2131325495819513 84498646
3579986934040017 100473548
9871139321254708 67416684
7915308477043312 46991818
375880245461002 32417287
6292510538459192 156571819
5815953285312644 101694660
2369642060740172 76422738
2550954849032738 31923647
2477410705915667 47733614
700289407715601 36760398
3890458975292217 68239350
4782532854490862 76303142
3025067732289680 45527943
9311101731367719 53613838
9634914162763487 82600520
9443633551524843 65738251
3235547111862964 88039244
285145246481785 28070243
9086600887525341 162434673
2098668483820803 47286687
1221262497825526 44469947
5199680316712903 89239163
6199337060120783 65436175
7521461478904017 139395293
4601826732387163 47523539
8217261583800123 126904528
6510471843692937 112725582
6649404668676165 134115326
3466735170599101 43943985
398157737750249 15378804
9982300832133460 118231112
6789117120070048 97443273
9695052805164116 58084382
4632777687274207 92854746
1037076962924013 44733905
5238000241371086 51816426
8140408807615098 148834135
3164988868478605 109873446
201814507495654 14275737
9733472953758643 119475576
7151661703872211 55260828
150026254737902 23182801
9628352408988814 155350996
1055735181463682 55164334
3619595443706201 69598973
6425409094541895 96257943
9776377043472016 66912562
873248256902385 23607648
1657323984887609 40922274
687698569112232 29244451
4967538855021993 64202742
1038531622690520 30737005
4909324786978913 107064280
3181024607286231 91368849
2582076845222895 51070528
486231321683024 11658653
879281026513897 22059941
8719019470204896 51646764
7065992468421532 120110867
533516770612371 14174320
3872551917774915 102693872
8115623649672627 69138426
864015882566926 49610902
5411982656651183 56320319
6336139329851203 48764108
2316011628417320 32728542
384888785385666 35806993
2378711628938105 45197914
8113008879007469 60748710
6147545055698744 124450206
9921722122591439 172086548
9828442281693704 55958997
2442114640499343 39174766
1661932929585060 71229316
4090437451212419 37404401
8727173620244790 142616325
6037646002411062 54156834
9399758341237337 145367861
5831848429121089 65755452
8734843187655285 118877297
4615466674340876 84471403
597648936320907 37946673
4319837725820470 77485172
7744533771751347 56451148
9843646026293541 134740949
1548189177530118 71176433
6132399388273322 128478604
8594007500783588 61638683
7402245507701113 101746529
9291353076069737 83167143
224394331001697 28625856
2604237494382961 72225025
3783593149286580 36176683
8015798893094047 101448433
5021236826305311 135987455
1590537336299810 59791427
19860671484073 2779472
7679820307095424 172751516
3340693895977023 62155983
585251161923212 30394555
7424240581858 4525262
8769497574475815 134443110
3721437528883010 114761964
1173439125794571 33985999
6107646248760732 89806908
9598202415532428 82555252
5027088924983519 47790386
519153225543986 21019250
7505136760201613 55659612
1319845358806901 68841168
75640724792191 4783657
5151001321630304 76927534
9878643414128737 186944031
7944932303563375 81452524
6286174707602901 83941013
3936324528810422 82067337
1196555164439154 58927746
7196557786682093 132958105
7804549008882253 170411166
6580803663560876 101991504
211968960579844 23367906
8031284865224442 77443643
7160586757087126 51165803
3489115787813848 90289479
9299487910502728 117180168
3242498222467138 84931391
3998318896113004 126218665
2632136869382757 33632620
1674038514526079 47316052
8799252629964066 137431909
1607426607278446 32918088
6144646729358589 109938670
4966305022884059 115821455
5865387854844372 104857178
6003057893928619 62841816
4999325517128161 67097408
7701428271268722 61025402
4762835633179676 115914172
2924980188562611 52774300
6713923791701849 160146130
121224019763316 13058305
7004896749373001 74608554
8297919539602853 125640089
3905918409709602 53157723
6291431604043227 124863101
3625114307271841 42392505
7972659627873630 131747983
1509220345332868 46784711
8550519821321239 120666228
4934001468806055 125064983
2797275866341668 43911952
2023707111069271 39070521
2366325688083604 38796650
3099739580118720 48601319
4832093393713144 110110883
3136294842305843 89806261
3273157762782654 44112696
7214778995585657 70368258
2306344741529423 49373195
3121454779849071 92844223
7979858603812054 154327999
8577625399381533 91856218
1227025375300327 61992227
447889148331453 33838388
4508956179979612 73945344
5622919429818560 130108385
9469028159614151 135869992
5031486155252027 79348937
9654377821065487 186835966
8500610806962397 70275296
488909549347363 35311323
6814191307170147 124954039
8756493370143468 80202729
3873329455377071 93109318
9614580385764255 134695801
6689798100681606 56196240
6898977656332677 78766333
8744751574663894 60744994
813703283357354 56236576
3335396018723751 79318830
5535363660142416 126179054
7014004316127196 120384976
8836630596543170 58360922
3678950894285454 104287677
3563260129415203 42450176
4735490121388897 111337719
8416551453599748 141312894
9943422827015919 89528528
2061011135503621 35658692
2449179215373966 52732172
2744165570313185 65066834
6664770724118798 110976058
706294597722085 16475817
977975760486226 28881889
1394252468976992 45325229
3977673532566141 90188859
2071724978234306 68123210
3926757171550993 69845365
599899329246661 30684774
2561466408948160 27041491
275433198261942 26600779
2102041965966893 30836786
9724855228035158 133555747
1920788227151069 49325330
4884536757107848 117079094
6586059259603067 70761572
6099683903229326 84454088
79754523541363 5733111
8084561798780425 68734647
7982692071385237 119413820
3130315088023124 94359080
6502228300339192 156866984
4489085258671744 85121268
3014204547739574 74493705
2735394996797139 63382456
5197744837398529 96295257
3802026478442550 116665290
3926668155573358 40946791
7733551843650447 128949545
7307477206126588 102773500
2292817695882453 81904682
377792466891446 26980631
8862143112331504 59930956
4053342563231694 118940073
9528742550500336 101481403
1924573071419077 23869621
4946921021481685 118926398
7032295133024585 80446345
8558393631104477 146721409
8464373505136705 119162000
2488601335410920 30943124
5977415819415964 91809786
2491538936071171 77929005
3103933919316716 32897567
2433557474636475 38565696
5301657941557574 112458053
8441830468516115 179397789
1104465616324609 36800440
6903145955871555 111675361
3818887671875290 100637734
5090178781808799 41737953
3984125723578790 104160926
7446995317981190 148697928
5590471144917882 80173520
4744581898710741 83867201
8252035160589484 59894529
8158624233315430 176877979
9253510411498955 98339221
31862338235321 9471366
5488302155873236 68404604
6742368958162940 130826257
9478617939993051 115725661
3573554765934771 73908384
4360996947545826 126521308
36977275470749 9562929
9811137862866786 137705299
7086602468612750 94230094
6299638580430857 94039235
465869697031533 28657394
9937630060576573 125527691
1769880316486796 58470192
6774747825881337 132280163
9186433772638708 172258222
8387424913483513 59183415
6455793087545012 139976679
6901116401754320 123817073
8172400967440418 101202496
2070950716289902 54001322
4028261968454680 87935050
5852812859584447 96317933
8359083089199908 84519768
4344048583997581 73517332
637218131385611 28685424
9949872447490437 156257185
6086202230684789 85864638
350038203947691 27074851
3150139107197459 40400823
2906394447172778 47065040
3636522594919470 88490886
8317206045694821 153101846
4182494571163489 125917115
4002990543491324 121700834
9157075873692194 77395072
6581578233209133 98085812
5097076197015122 67960914
1783240157078400 79762067
5076957370407885 47074139
1455927777196924 22679430
1900720813910271 28920092
8033308457910703 128459856
6039219281260355 78928388
564230227929105 35648901
7926591011507711 111549090
5713883362651293 124950707
715503112537418 40634880
6740832462720747 143740293
4351797023403925 41324337
4229067208039699 99891302
8891699343078410 70196481
1704474771050520 63286120
1989286242736246 37536314
3635289873846542 60405229
6056010048773821 97945706
624699821628405 38253582
9039801270756441 144470774
8177687139109506 56752970
6928728329495640 160552622
30679777442885 10493845
474845327020370 13838384
9385752481126507 82600730
4493374577280461 58938566
6594165800257467 120729097
4445673790185018 90004361
5720156643462417 100734355
5306671340032418 38449706
866361066143332 48763043
1305908165612188 40610443
404525013887783 28423560
238381411785420 10466324
5150907659198708 62141604
7140048723766200 60433374
9268002857069962 111854558
963591123163730 35029841
6752344799610008 143024683
2631370469714343 26345702
8059072483743168 139388821
8578579878621582 163281554
7342617064652315 125892954
4945184537177865 122357837
9094148290291988 49749324
3936466213542486 52515789
3544932763705574 70389542
9739933423738553 188850338
1010460549095345 24354344
8920584196118288 97784905
7215577832500843 97134313
4057806514263678 40711114
3360252669502264 44655538
7892751031873942 167236362
4634538537337453 134846993
9258813790918479 134459160
3541245999088650 69679328
3202082232190705 34540577
871913538025738 30224444
8731670571244791 177046046
5379785851931295 146607289
8337886135955803 171800516
6505984033038431 50580766
3760058070760431 113222399
8859292466251978 122509739
4794728432518815 119119504
5475251080055637 138841597
344864692397686 18365819
7939211027545271 171506743
3988410777127208 35196987
3514121582575578 61005053
270702245583991 10962682
5992204539455537 137436809
6334110909350566 51366298
2032707680445833 46710533
6985656494189490 71841220
5596422273656639 86568703
4883720100518657 135235397
6615300593380112 77753525
3586724564062401 98629802
5309159755310041 120413267
4427021082813872 110809845
5047208932037386 40743511
2887147962879137 68090480
9991362474480555 72674246
7299743333253573 149484491
8284720771946414 85608132
9826972640786251 118620640
3950845918247548 104005587
1061786220806206 20472879
7487089200408795 71919993
8081647691627947 174162210
1065444952568358 52937480
7394607142137319 93137840
7685044682429357 85027556
250315953688298 26310017
5703781035196856 113685034
3436802985694889 50320779
39596100784668 7802239
2125409236840506 43831227
5055272847241301 87408153
1232921928593014 41460915
4398453156030314 51671211
7375638177389223 146131600
8244413207826435 159268445
2931329040364221 76841885
1525110336176749 62254157
7773331670793142 93790926
8953141037684013 156445233
19537543939231 5450509
8384714461279839 54890962
4141708724835125 47383644
7490113814391415 127681040
7708079954114682 131535015
3043145254505185 98105627
6486882431890282 110772632
2878207144321256 63366409
5204697748989088 69881125
369850644338478 18510702
9706932082112854 70757953
8744096049579115 53593002
9753330537572794 65423824
1416732161872152 54435387
8611903311886027 138659441
9780606399607376 191537465
4569067772069232 57050855
5735274669596735 56162339
8070398258867979 140682637
5935730516567309 83201968
6004832510466322 114763125
1086692206241394 56478531
39032465012129 8809623
3788504875003852 62833193
6322035671026749 55734323
2810879352393283 71525071
2835608865429158 31336872
8874471239919880 126062402
4626069887651977 100037438
2114894097570840 59590609
9094224489157482 56348912
5147907168889634 47020930
746799700281014 44642418
2148608314266584 49228364
4079095446517837 76240967
827272261930307 51559370
3165795686840931 108789656
7896088995989643 142494109
1975046794540168 72450967
9244361482016497 143613053
3690665357130629 61942535
7739707150304310 97529469
5379939350243058 69828283
1781702829916982 44100889
4313072612617102 54452455
6987591996211539 67022037
8316118222720037 101908141
3139112246002438 87326057
3751651509410212 56119760
7797464870435950 154397455
4214618290569404 76711591
3931396774289109 83747225
6369296102014988 127290565
9668702761490747 178593952
1773207972830398 58808715
5059418266567720 46899039
7345998498426643 93410499
1230075260844001 69872086
5607242181906849 112131236
3817583140350305 104391871
3826401948980929 61521338
6705535472402172 157697299
9616126373794134 82489665
7721969187304628 170740318
6453960648213677 49061222
9517655736391486 106898486
5716464971383959 76367167
6436505831711066 44071920
3783106699531392 63119601
9111998859775630 160733303
2385583415499607 87163727
8729951196864090 130589919
7833145954892425 146838472
8426512367938412 72496416
4400050067772190 35237850
5966328371561189 60664998
4810925683323108 74020926
9532756399838452 162504319
2077894580965016 29943365
5800982556297838 149268978
4859792607836549 89678126
1245340352838514 23123305
5756223624649605 102575719
2834667492761825 105615592
1894231080155572 27066409
2665087933811784 30356893
7826204808164539 174727779
8484347985822731 104274738
3586349060447336 119670178
9081197698531790 175958826
3973251532879653 122957255
3765079567756476 79894401
7794062194191902 110040611
8991010860411341 83123243
9643279643059412 129575580
2153241978453647 42507283
2150052513578615 75579059
1978647697536612 82120720
3830682234088388 71334527
1862160967581299 70311714
9043003248073305 55907391
617263225310567 47094753
4419324241720332 130224792
1697800956433836 34729019
785244256529869 23754673
2990097462641503 94440812
2854068594517885 72699543
9531734530563615 117267469
5605903975483463 44132660
7280021001178466 86208809
2763488294506405 43916547
9838103943101782 176598298
3727940264911315 49453658
9167693604376750 72643704
6316507306419789 61084227
8107245871216218 126640902
7671085703065298 70953669
7778850256561822 168297347
9231913937270002 135575580
3456015512994246 116290324
4314195101567288 41789172
2213181068587671 57463708
2297088248899274 92205074
8397447316418341 51829051
2196594035000320 44829158
4732116658666427 130304799
5578750039897365 121085574
9048891346542817 133935275
4297229672772812 83911830
811543326527236 28833932
3514746598459206 61845154
1942489635293698 80605969
578544983862257 24816533
7736503264303261 67925749
8281018180385840 146344581
5603231288846355 87272247
6923801935415448 44223052
4435038285580253 92120288
1279430480092940 25359150
7963720482765164 51172816
6901856910713572 95917976
3525426363354427 60969679
2908556629313653 92857963
8325938922147782 133083462
9950002900059586 168255842
1831930716866674 80134474
5485503126342406 135606003
5104332560894296 37643224
2603056702357108 60101766
2040396227383493 80477340
9412252513281708 124154368
9837393863678428 114797851
7062119845744444 85736160
9519516115162134 130285639
4161234146107705 100598116
9462375705604462 186178373
715653549842666 51199840
1995533777276132 46100929
7347308205365063 59263183
8143461231327453 127412221
980806895043080 51522093
7668167966847842 127149082
937374793301481 32647562
1458835272660387 47081018
818701384690946 27698789
5280781777204236 130861382
784749309861031 23241171
5278192324632541 67610922
219784301297217 23360906
6376780366801549 55432477
4449130193186759 63582801
1969180636534361 44985422
291326759398869 13894679
4637369880538363 65307180
3899843962624290 64696358
7162680055235519 118670202
4535277682817471 45964172
9316192030673854 73080723
9221951714684845 104568254
8131209491847015 148925878
5934880300059144 116152876
9277217095934967 125652179
461195314411120 27384027
4352568000903947 129139744
3045945495661080 32167230
9184285577698924 86065358
2866374260803900 49890922
7033555464493882 109965637
9617298846438277 148225691
6027951454211027 94186477
6578053902720508 139399098
5615556156824514 103197505
4363231714945957 105198788
1779878978959056 55134928
959310048548170 36985634
7139431538790783 70938008
1050927358932011 52767301
1409617545999067 29315084
2243444034847257 39193820
9269525077655136 181201855
9102934804181646 179942545
5455249936427506 139881497
9581847845976243 60383084
2067902328230580 87668876
6395097265435309 137809203
6356466429941634 153431359
4735016668678199 66413823
7649676056459603 116975793
6602993409170509 124895541
5884223617552418 68095700
5933077650443896 96511885
817182616636024 26219121
9028573430215178 181235425
235439970387204 21042613
3449561248115619 39415400
6505005760123146 41840806
2891044499630799 45047639
7341568097914155 49265831
9938205024444178 134680568
2749666595746950 53670154
3967567184626827 120967426
7756146687937384 113460906
3728420127452155 79093694
4310123972685300 88125297
3652876255330101 39505381
3460571107663762 68703455
9095583044322479 69987253
1835558124484886 56330483
8535010761322304 93526789
2336382633570814 77972346
4085977716949709 60252590
8704032748224211 68763291
4514290948994531 114454846
6017266575183685 120580503
4378685495396836 114217212
3012904187998580 36501257
7184267531677707 108578560
7404254125188400 171425125
4466170226677881 54007454
660654962410689 39362083
2623080175897395 28615970
3023389565475704 87658458
7781543009738669 162467904
2291762085518581 94594779
2294434919964382 65320313
6369106731852786 57078846
3837894412642905 74483271
1459269538863880 70768334
5090136255466548 118071101
860594422655224 40001483
7725779199133614 162132631
7611167556699809 162262260
6401723621558153 147344069
3653097311956037 78120953
4520000969202625 60521241
3835211965171845 109271045
999353450306313 36772387
2966843959585634 87171888
5526286662293560 81610024
9377380924059261 68493980
6657464779108454 154526017
2207660760736487 93896574
9601109747177239 93980642
9068287096681040 127975693
7484187541033115 139899753
3803495039665934 57939907
9865463408750842 114472995
2159737567796310 87782254
293585799961729 17291126
6589931130076818 150514265
9359452914632371 150749981
1651841747013588 29546206
1554964488182021 28899201
6154920084880750 135683546
9873028622252256 121087641
6375109830689823 68041541
3284826974695850 80701456
6569416535189470 47573734
5541070772215192 123338372
8249079367783520 125016308
1418480983707869 39160818
9302362189845168 121769738
9838960503585779 93988471
3306494855884387 72704044
917972920681128 33215577
1835168119489017 46349647
8955746760861060 49923684
3078665485055131 75108450
9458096515997115 167049812
3542438682464970 76592385
3862852902346768 66985155
8376071134973199 166031408
2087601638913912 80960488
3107148621263076 37623461
3667748825498142 47580936
3093067324783993 42053506
3229290079141659 113248741
9722997419575440 145951947
3259093365040635 93840341
7046659554578396 166513660
6861216485016151 82193082
3226956755053926 72721618
1646270350352031 24048809
7137724497912574 161346316
4898870048033861 123538344
10978080334872 1934018
7830551963416926 166218532
3739980923608026 46759098
9072166999431166 136228053
2546293386287312 78865554
4974438526606028 95896052
6553232833184905 105773866
5637127465827855 109324630
5203930847293040 114070292
1632502880370666 67355332
1273153785823475 62401246
3881325465308823 95153349
2033774901301774 28556515
1840022103437296 81205012
4842365098768300 126371029
5685951941534110 137364799
5118332482278588 37247687
1893062148970009 26206940
7536713104689012 86911099
6366973980106859 50401107
6932318178405836 47227965
7013926259494946 77181441
8488666401631052 182737244
6052913386116307 154648097
6914885160182371 61915269
6419382402218864 82669799
7727199784322967 155148220
9379965677878985 163184908
6057277533299914 105328262
5609160933947056 142983562
8193065785683482 175867791
1619871745854955 40999963
1169264050784347 61283660
4946380609037510 44855531
8936636462002957 53747146
672299073167523 16802717
5891448688641162 54316175
8810759641383828 170095378
2870542450844496 97266333
5016844710220262 136155980
9093272579814458 187900533
8331245336327471 72817056
8724431240763511 109794358
1306481776504130 25173757
6933896106159423 156678596
415436180367036 38008691
8140982486856692 61019846
9394759884095746 60604842
8376021228096909 93602887
156136183709116 17011065
5597259561968183 128751125
5812446798130311 54077693
7687381769373600 81136583
8705415826312817 104429153
145454614904093 8386419
3683551670596773 119292479
3728372049508415 67351102
1344735692934070 40850250
9612635239856648 70688275
849114146049827 30340150
1623279311909046 20504381
7538466336225252 78599405
7005951836579628 116940272
5400904130722696 138567713
9134428967213534 121483417
9817863387961337 139609420
3068304761066006 34383939
5399282431439531 68912682
2265481901415367 32222830
5662625712420264 125801783
8699179756769215 111767545
8204077019400477 112228349
3754756203481832 104300219
3260788648510370 103835952
6382372673663970 78665323
4405679807429458 106162063
9783623534254194 55709921
676773311773561 28188837
4895376596465205 91852768
489226208110925 42494239
5281946276430663 68432463
2146409116386714 67118466
9784753938870158 74513563
9483798552559376 67715911
9471474865994851 165266782
5575761416931276 132441956
4833163393036263 87566266
7837274705254330 58750335
9046059113519716 135636604
3628210799506965 53640017
8582108942380396 141179069
592476826285349 38245270
7413885659340868 75351132
919806534732735 45306305
6422677002235087 157716306
4892406351421842 113345299
4962199137858917 61953964
3436225295077221 39965617
6993453057561203 93709668
3597270571792065 85597955
2450275441673572 48833969
2618157838246504 91979875
3171902347048646 44547718
6282851400202224 121543141
5966240622759857 109045774
4801680092753206 63804372
866169126889671 42383144
2482326425145140 61007198
9670898727368148 57777317
6244242682226670 95660846
8820595584379034 136271673
7921072190519496 90169881
8794791383385663 51171942
7070904940910442 125190387
6927136770972812 165995883
8992245329419755 165743533
5385461109034777 119048211
1577251628552062 78712190
7777043752580848 47790058
4706862183601064 64906977
6842054157932222 149917892
9079136791658095 169957757
5569307291456591 128717652
3625816913982545 87089079
3352066543881122 54857745
2639906821402237 83679267
312988998901227 25714588
5210284236440707 51777031
7524731911834938 82206765
6894459905507596 163244792
7413655991150675 44422737
9246430222334858 96244605
4319722979185271 34525299
9232171045830028 104739861
4702251963261106 53825090
2934654868195942 63938902
731113562708054 17103609
2808980409020442 83373706
3226493548145814 55712585
7390125665934608 129075552
4770138847144536 96807231
5517109366044354 142401337
7884990990014140 83972688
9073728588858566 75350264
7767347137597180 66808293
7522324147533920 168367089
7440526884254078 131915148
9355290215730651 114731335
3543123495346275 98735828
4050138392101116 79835695
6723117116526805 68172780
1702261958157442 78268203
4834225384975155 111501938
9634646646754059 92922268
7316550023263727 111193447
2696994238961184 103197220
4823507278508658 64058339
141025181581823 23568284
6810933588188032 84452796
2242279682042362 71115399
8183360767789872 165689301
6246710591600509 68320847
7478781151154986 54471716
1989959406155152 87538179
4473721701772190 46210430
2052685415852961 68955515
6502291472016720 55711737
7014438175090391 44502860
8680268929266258 85258143
7849836893624374 139702972
8375600670521091 82523959
9206092860099849 107521988
5037591828000930 44398689
5727945752801032 134101571
5140002947076666 57109832
8901772065771050 71203213
7083202158174342 101555237
6964298267183963 96061114
65630867453798 12385592
5804990032114023 65852309
9054909247542133 185108833
8068402485050950 136371044
2529033084429984 44498241
3891213770099273 60541476
7231902030041696 142534600
881360038809525 58366311
84790750397664 14441250
2050607262781475 66030154
4492723911664062 85549907
3662958248155702 83972221
6146323353532483 43420206
8231212285988983 113372398
8330700532232765 79129403
2981319559334021 32303475
2448009442058454 90232987
5626189323566083 49552948
20160005622903 8966628
5220913248345693 111912643
4732026012688013 99218154
1295482672028006 49924783
1202002855931931 56754958
1052125875253816 34970656
1030464328803317 24703761
9861173041655867 79881957
8610109756877615 61153152
777214546992915 24277252
531641135927628 25549575
2421266458088816 50382205
8819001378092615 130186448
3135111615151304 91372425
8716554034657000 106072210
7025446716661171 155391673
7740237917495913 132568728
8268317617691862 58479995
8345513700359420 69624215
3257306290714282 28712269
9313505884614173 138261483
1799304004679359 43204785
3570232159643071 88144056
1410310650321133 29388399
5588431484796708 113059557
2797884318264719 50118902
7054011566515517 160376174
5631391207042189 113482835
8179992847505076 152037843
8970010808070699 85879108
5949279605825663 47076723
2455993954527561 72637607
5453161863760033 71568739
6257311955597404 106521078
6587955926565415 148186010
773018767287162 48882644
4736197966468362 34616473
8816188001475511 67815902
6875254871226375 163338198
6104820534041304 101184876
3991740115776479 102396962
1170568736111073 26022724
3228693292096690 105055372
5095029896280926 140330402
7060471148985581 64058678
8636957003718004 138263289
8880090986598400 183731373
3690013446528801 118538871
4091115743745865 84257592
4866138067272163 135050994
3380802528330075 51777273
5956360327523107 46432018
6858821095573556 85829356
3923449023131520 55022997
6992258224783030 104612998
7241704082892886 128962272
9216002984962371 117999039
4996187222244602 42323648
893644797146140 29702750
9164365849120091 112127056
3540017069977709 88283769
1915791662618517 83068673
1727912865056847 38569227
7935598268850917 144730447
3401889838649864 71287908
5000450770408590 49418678
1757501288278086 27486816
1992700746435971 27296731
3502891537045185 90885485
7783413191355917 89552508
9088224693461645 178891676
9144749171701028 153903550
5722481945866745 143919798
9065063019447028 119245246
7712630823193374 70349234
1821413517972709 35711297
4897263459041328 98232096
6416715179805998 90798018
2772734116116793 68996918
9418242337174634 191567005
9144272871013108 145286056
49422896957934 5902986
9072673777839788 108725528
8073864521389125 60326140
1379598010424524 52721458
4570354856883638 33833564
1453573996264082 25826682
8238211187821028 162640468
2036408894549000 55236493
999718068802895 55538306
3498170260204155 63355517
5756328243492581 131790035
2696025640956049 57067411
7033511558671170 140778628
9545018807841887 186111924
2240931421373973 77052606
639319592363949 24700179
6425189647370182 146292971
8674006612929783 102263933
2930076457724796 36911814
3236822879835275 38076740
5996426482056825 132048892
4134522074458741 72893222
3578279811726561 81555679
7777349546369997 116129300
1237725310168446 33457905
4209954951131908 124887727
5168882199808613 108843579
1067518195781147 25980422
4538345679941819 65865848
9587580545784671 62407339
3879003928271283 51740069
6882685249901691 79887916
8204457996849310 97893432
9098981990349078 115318107
6877563749075147 110540942
1277472321541846 24327209
6771087967128673 102997180
8647759721689954 99064982
6989750906316571 139014249
627375931084243 39969737
2235114009144626 37947442
794591451442101 17693777
5523972057139351 118428531
8419526842046853 157194810
7583921024462747 143043235
4577827799203843 71973814
2314050554021033 70564761
3396615133375703 37144141
4931289803477375 136264915
5720675379093900 66606768
1802216849436829 36270196
2535362821559083 44704135
8032353650822291 71855837
8601352549051722 97415808
1600394061792129 55965353
4609283605478033 36699077
322010175034729 12205692
2183539499859789 71153302
4873400982292044 74064387
6436126289877901 64437893
9581961367910930 110737497
5913226550098808 65085150
8414207813457162 75963056
5386976366764690 83009871
7694825321134048 104473188
5496059167581398 68645436
5254912718724546 135352897
8289479453690971 176290081
4072736004858766 34033667
8007794723323321 161029184
8874150949387717 148439245
9356447386519032 74885791
965340888051413 20636567
6719464760234818 113053803
3635668497595367 73047189
1741866862030259 63958820
4710680855730620 35264319
105414954162159 20170617
425647765351778 26354715
18218462559267 4299068
9244932523274630 138381014
5697213958141326 134004557
5362792352020128 104730501
4562125502648952 95882372
6030066505203630 93271353
6487649803348053 155587398
3613278821025092 67795769
9777174131327808 124331753
1133127028658424 52656906
7297609733665278 71068778
6619740099312161 104151895
4560906581987169 37262792
4617981517037169 105000789
9959666929575475 54648211
2565750864913681 81566391
6143704440065103 128201734
9620561518439967 150673976
9132527824345195 63823891
6753614633892423 120109672
2726996893768559 87159245
1711777674044558 40688249
220522354464062 29205496
3168261829985901 56206655
877965939963866 36896711
9093742356114520 144102959
2740870239697774 104072443
7829829588598249 175599506
7649186180548631 77238950
4845427125518740 38985213
982579670566582 45894130
8395933615949453 178670240
2425880315910005 26343603
3582033567286742 88738632
6770394533269260 84177058
6809110401150806 108116577
1183380359300735 49802490
5930412050498249 43624031
650575340106434 27227830
8012577499402823 118668558
6041900809416152 123890676
2436934100533559 46650681
1707585168427911 23647171
9143799728598784 52671629
2357748663564211 77545284
6343331670799829 80781768
1474277364179505 53754996
9520457819085297 164681460
6982023145108202 122571912
3638515971612402 38429720
147432039283512 12814955
8188238783627444 45934837
9722896516479572 139849398
8356411849107728 146392539
5750625845280526 89833724
7690435884289555 76003238
9770054251570600 163950986
9008864591080150 187498255
7657100945248224 72658133
7515664642733964 111579644
9338582597078770 88914200
4027071547083103 80897388
4759481381269658 100808955
2640720285123969 78079670
8612736306978799 122806258
9910519623191661 56763051
6175491274535128 143811478
4211357303174588 32812787
3532122592323819 55644982
4447986860724014 56496676
7811400882276448 98027457
1851318125828003 70884582
3696482745232030 98544256
4271704022578344 117638876
3208262283190574 106898131
3440322269622536 37707834
9373976931158665 109209320
6604026640391569 54316455
4830271987485400 97995700
6435809832047011 158876268
5243075941081847 76868118
6809188358977218 70493475
2776517887366930 74918127
9085485140504971 128292794
8343243198488051 128533197
4801507568348533 44161667
1983782849620782 27947570
1975972798087776 45717623
2180034822150924 51439832
201990644028819 22113313
461451500034895 37474030
4147010660355035 95141974
5454277214544041 66301518
562217344793506 37152805
6125814876234154 107462219
6920965828300060 116807074
8813130208293687 118873170
9668531113053359 117947188
6246958715745801 115918990
1986137218160946 79631098
2285885416233562 83535947
6719744427706531 43391093
821014086220779 15817353
9273785734448332 182750545
83176947091154 17354546
4569318269902805 110098056
5822335421602414 42687567
5735731346541422 118178309
649379057074348 20252213
1054762257748203 43025888
6931452848697722 113618976
8086341373134384 92730412
290360602297839 26222555
5226729826031372 128935506
6224704100699833 149629808
9554654231000892 187591698
9004485358207058 150018506
7298906795671369 106181393
6569631439423391 52613867
3024417841806992 83169268
7336709121535881 115470531
3582615531003616 111393060
8748231569870956 183940795
8297664212058852 164505825
3310099810299205 77301719
3226820939598921 79460696
5352735566241384 127995167
9777506128387360 151425134
8366051082886336 79698587
2370605208080791 95264290
693182625755838 39646932
8707423465456149 162104403
2063977888328529 90432934
9158038773411791 109744334
8711166424181977 103898299
5348210837173575 90638006
6107103789253478 98430372
5795749476605313 55880951
4000257596380931 33685261
1287396476684380 58078188
1672136438409602 37852137
8839006222605758 139510898
1475168918318125 42276722
7052678651087761 156454526
6712231046941547 125553205
1890177115605894 77512759
8871560910100238 109660449
8953948901250882 112062360
9128273832694720 125794400
2304189789328623 46865594
1368951558018421 49760102
1360564191244755 45781353
7042511429586788 121279160
9826631853709086 59973667
3505552889268728 87112073
3476077730007163 37669021
5623839618047098 62370507
2257245385731883 93389310
1269004915278293 61752962
1492891280782988 37836955
1139963274179609 23374482
8633314044277173 119137339
2827095010722109 81771417
4946036139592347 110300649
9101632623084556 188102437
3845037952886312 37487162
8941361419632728 113122996
8220209833847086 136766681
1940554543751272 70647799
4012199861633570 120177849
2212045156867652 91526895
6483422968679970 108183792
8470425619246828 83502019
2392821398576911 86541918
2506098526004626 38073262
2633497678495885 60748136
6327388086779867 123440741
790479673955661 33504860
4289211790855000 111307442
384782243126123 14306681
4497184304822411 86437336
8891959234889683 137727505
8416205837555774 57686666
5878109837106310 80080929
4701054293770783 117302480
1774851013900093 75219938
379088555943474 11178198
6740317780238249 84052862
7479901052297558 110639758
7267695087134237 58788809
6637228722133440 98857921
5261038827113564 101368897
217373999849799 12590377
1141084783237081 47338957
9809726612850994 152163367
3597486404792132 32639645
8390092150434938 80067020
1951672850978938 86468048
2681961759497254 56074089
6209029281781866 112877371
6793302579927581 146443994
4650031662228295 61810442
8853336489496693 131843128
9342422669735001 143386837
8963551186755952 134441533
4405755252210743 64703309
6061320698525313 151869262
462624732407743 20005973
9674512328536704 51309632
4810632350979029 48320328
6625944869334396 162653106
5655893738790937 93258994
9963819136201345 90048340
3446127486338747 83188408
5286961431591372 141931306
9357214630460988 77021074
8316419347921377 119711532
4155818955309635 78521149
8317614932082316 57389295
4046428620816728 93167813
2713917871628083 36111605
4898287518802059 80925665
4556443701016431 82669226
5055223789751296 114860266
4870726407512286 62285966
543042499335989 13698741
1141834793909450 41178289
2697613119950538 52934564
7647728073039759 83313613
9383652191094750 141851185
2071074913080516 87154504
634196909814324 39385549
5774514786014364 94483258
2573356640372501 47356006
97747314150012 18902288
8609681082695777 167300717
9991329335049479 187565832
8751671525023660 58616128
6882248290840104 161697370
8956324081835483 162097378
847451731124565 37127148
8258741350989740 102151453
7078410656663428 141058647
2999454846001981 103124075
3398710096524913 113060329
4856562225478133 43869105
4867601858380634 80580214
7023193828672996 56973865
9171471183090555 157250342
94626470453276 14287297
3592553243170773 95184862
9750670583697429 178423842
5204787280181203 56885831
3126481431296051 73190756
5492270860121794 88247932
1500911298889005 53109111
1778749291889618 32618301
3813963981327960 110740061
391902551045988 25897555
1892801642197725 29563997
147355106841919 7892999
4550891822237000 63139807
5328993578114588 40800205
2302103222308247 49742270
3145804661490563 37177592
8648915901893615 107640665
5648201744781002 92427805
413549119361413 10945778
6268117844250124 95641036
6347177278197811 81060364
1292723274551664 68976436
121665485897189 19525846
8770346962119091 150652616
4394230326455302 42932644
7260007031595169 87177730
8197337155059277 149179352
5272351364824938 64170468
6501095199070195 108968430
2566830322007643 27675639
9267358113874201 187377868
6430148985020584 140028509
6712456113694395 92892716
5616463716680746 78218399
7429397225348477 166634554
1168635937884166 67122457
3306108370485112 79381058
5938249852374522 128876767
9604794324076730 153996813
2116239929549693 37835386
7515144473192409 54857273
7775040166088277 122431092
8273248001724359 47538063
8341589489123086 54739893
9608051309270779 110223972
4067214670941670 94171714
9866784775835974 144151081
3645207724778592 105561961
9909626569533011 73026824
9570635098096684 192540880
9085292451366977 94072296
8002070334543770 148727488
8352116840241503 170209030
5402293675562607 108425090
3202101801998476 80389892
5985897982582074 154084805
1236134856128848 26241711
1282833703815750 36887152
948148801993134 43092999
9976893409940053 161676316
932806035588809 55324535
3835928604513972 37668415
7477608862385596 46489693
8079826926595568 127616439
415753772946106 17983930
1573265536029870 71069547
3442457746083186 87903718
3065670716729007 32006503
6384554633098757 44011398
2680741119851991 82444722
5997375661171296 79622766
2101654110422995 34474684
6074641523987804 99306626
7062408405604079 79733321
4952371701062013 36990761
8216443930344306 74428324
7920518438858498 88201123
3007326391555841 79449182
3878392854632660 110175806
647270981244938 24360137
3874948218801026 74663461
4423351731898411 45490160
1602911016474587 30733370
5793574151489649 59129766
2834166375413400 59587805
6343915521573914 150721940
711816728179499 35926200
3664739825941937 51372675
9705902673488312 169626090
1246057868941067 50218697
9192481673048253 169345100
5172945254633293 108441174
6386075184814138 110748498
6771846013144020 79614657
2354591393381577 82346925
3522021516291983 30948542
8589352161532624 149254608
4921450262290395 77155156
4758792102430247 82082304
8445760658005410 90548666
3978095479635880 36795358
4989142626648246 99176038
4502228946683668 72950640
4528583464402402 116981359
4945291639135274 85903187
6816760939989844 147693440
3610956017254474 73689776
657543437093694 50457165
1231931775238283 69509026
5506906296709556 91038705
277180069602384 27637961
5717678917531007 39765929
5827394581259248 107418363
3267888709954880 30313470
9270873304404339 101794223
6370676094336275 57687808
2265909310980496 60656820
6627502253969848 43234882
878055440365173 50175570
3321658813683772 78934294
8224102327131981 181087065
5986036368706482 129083148
4109793613714568 71384397
2689540260971096 73474230
9560105172712759 113335761
6569121111706035 96976075
5183424586356142 101578030
5015989080368004 112328861
4580475676835908 74498355
9526022278277847 157510375
5033050726824211 90283431
826895799830377 22621658
5238187063101844 137839541
1257466105041217 21224343
3403488515258843 109777381
6804352802539292 95607383
2802076299343502 80577317
9811911895471284 186640347
1746655451981398 76005701
2715028489119806 56462422
7663957952813538 135904026
6558247014183380 143541129
4525794295664093 104288361
2557946254445417 83019062
5185683093455207 109057914
4658996442959415 99033337
4507247645851620 47000605
5318099318328651 134977847
7159942379410227 118140329
1303822368288387 42413986
8382055534371528 153786393
1884943255794476 61773708
6997178946679033 93196754
4717227127981153 46081297
1699825758240711 26682425
5347015752860780 116669288
6735307590270119 99170379
9783833363879773 105195266
8210242196794105 68640179
6209153862556992 52584370
1632312180622714 57688973
7794250772124645 138557493
849729214160384 22436388
6702557645107982 64726057
6318595597405088 156157185
2786964346038498 94182301
661186198519717 46598469
2131745794868964 84506864
984059517409486 50204565
9129960033958026 58325793
347960390324921 16093039
7462385281296495 92202214
4403396834785681 62451764
4918273569691494 37180397
9418071842274432 189550768
1888035390951907 55653832
7227025378186730 151543429
8572087664675110 174166095
7857576290598455 60069725
8418252029973310 70658337
8224389497685181 46760920
1406451917222718 32951350
6811055180904264 164290388
125660656362000 5633426
2665849551889630 82451078
7533817934251115 107506816
6272512089138098 78499605
7197809423482482 121604194
1222870698695661 46013313
1915999931545996 69154700
5941236155648781 134385076
8088901618833462 67035906
5754945130011133 76197301
3841917548326186 121288951
1834890551437183 23724355
636457888818444 25681820
29722143726398 6045034
1206945205622830 66602697
177966355873770 25490061
2807419852104888 60734278
2203783780221574 30956756
63559862490369 12264516
8728005421287918 107550996
4002182416572130 92780877
3522896749892804 63994293
4816850838527868 65453175
1208813945723937 28619340
5108854611585900 106535494
7851852614935693 92947027
1616640933031416 42341845
8406090667000818 164918907
1479163115359476 46796010
6515115409975939 100935491
119371873213721 6862018
8435928023863743 101809287
7583376736689103 86645078
1653130797356491 23915795
5630260367930905 81093019
9975462143882215 121238980
7964829390022578 95766368
3172728528056533 107661062
2797447268320968 41988988
7402350385923756 73330706
8124322086544323 112078736
2847820500782643 64695881
3041851427919098 31494109
9197252719371916 128963075
493394918840832 11249453
4831279818742545 58335407
5961772823000790 115397326
5803124435364938 103737713
5659495146356348 86787781
6003066652157302 65176756
6640590641938164 104702273
5789673887086975 147130894
5591050806606041 78060846
2032015323903740 24782647
5755317928159511 38534283
4426533210337950 51135247
5387958539829870 113737843
9961022088966169 129999073
222737796105910 22096668
4082418632714098 44283281
6220882361483719 49444135
80517549833959 13482478
77312562025689 16224255
7707144845984596 169909628
1028591727324022 55809034
5414891108849743 115152988
9546449080044163 179044818
1519462519537944 57229637
6123884479231846 144964919
9488046178278324 64607403
8948781427320831 182170213
6808905934700151 135194132
1325868218678039 58539555
8160145000090387 100964442
7675983146709805 141194487
6219321856587888 108561645
2509533597406415 70522385
1410517549164932 40829911
9414062330015378 129264992
5166451576601062 42621290
7515322163208453 135563146
3508423017382610 48016545
7870080710765563 133721389
4876023874707294 73707223
56430569264687 7205379
966448418415432 48642631
7661336316282693 81673127
6731682492378710 113602220
3306724533190661 45124101
2588308226355351 55079161
7087238578068729 101436456
9664919550085489 54973186
9762350706242051 191868476
7504809426194690 171374992
1819754674472646 67999056
1296776216468569 70714876
4282524637737791 112463761
2424235574868350 80656622
2841627994384451 44840369
398502679167957 28145409
11367963574656 6435979
4099540039173860 59636008
3072263326849420 27898489
2364124050915791 94133055
4388254329692791 61540494
300651576581102 24945527
7642786534158482 110335911
7128615717178903 52420392
6636747766382052 126327033
9150868326919711 135836112
2300845608126411 45454296
8198385101808549 171587480
3790304349215198 45592255
2604880449077093 90035594
7387254487977432 163666200
171676224602347 14991821
5026014168564215 46746882
1854105721734899 56692045
615729580030654 48521491
4339695160359048 111839073
1815322307062206 58955515
9624352097991473 169025984
4682694857686215 77875798
4439148359256077 75203427
61237384505804 4691150
588436581755622 45975118
7156956234416681 80785818
6756495367152873 129488406
3149097251540067 92842009
8867648713400893 92862182
182853069363450 25683770
6962902309455823 156849482
8824294845968971 137776582
6792969602247186 58804410
2831003697143117 104552116
1344374902271279 62783227
4207789477347351 47831801
669259473951021 46417560
2190600241008783 93365533
8795449742237155 142003853
658892363681938 33843053
6369690601457778 131130136
2130930698365596 54654354
5846323967368399 106426065
8371894225671970 71332252
8200656937489783 141304820
5446506396497464 87146695
985618733194465 53880863
8690843690042888 109067079
4065604876311431 80635927
211147789231209 13915301
1231763052391693 31306059
5814821104394345 68368058
7689505852102172 132940538
8342953800794606 167052678
6614455809501440 150205274
1776474908058670 73470303
8102772403244 1659489
4095129669632513 97234653
1822495846363768 76323121
9294650905437223 92831112
9734752753896397 67336772
5665489769879512 101874377
9796635089879028 156888559
7128173153874465 106264217
1474138456667582 61549561
2084204203878307 36183855
8275846212063909 113271467
2832183757929259 63411826
3446674654354958 100051435
259874516661791 22819043
1621996882803350 37863773
908317886138896 54712620
3955997451741765 113150243
8845854838303192 159302894
6865309514780973 75661849
3030238864186033 109535954
9586515378572083 192632386
4653667555755505 126216677
1266155080610349 58305098
955011330763762 19650948
6354238967707164 115664733
1873745755005234 45844700
5318971323868667 139548553
9985319061992914 83807385
1947395810988832 87704821
3547605235289759 84387794
7658523666955935 159893011
4806770642858239 126778145
5488551128594074 109201782
1821179289850151 45075123
8814008929269415 139941543
7680664306307290 118401167
7363563647486044 103717289
8645206316222101 114560841
5212532129765940 125684235
6243525598181395 107537175
672772370039912 35841039
8818850695593260 86746927
9916852366975912 178562666
469865057638435 36361865
2764747792382082 57909711
3153560187253750 85991728
3932215858695768 74074458
7122161217385554 94961408
7165604807986548 126927757
9818520823300127 89161875
2316731433675362 63028788
9437646013790195 101694952
8966212078196647 86999958
7810330011622147 174407983
9084280979974244 49988766
8294193270400816 175433979
7437030716926266 121248081
5721304234108697 39808563
1704394896024313 37047581
2184837023588595 48106735
8139189318641347 128361911
9811149160193150 190353556
938179165481281 60691150
7851504046514995 57510106
9759082070107529 166316948
2569391211270849 69183055
394090609818496 25725610
9937649535036812 174278053
8615954154662141 171696342
4420735551178176 111632532
5466320763073177 129179381
3155385601699437 81722572
1202616713498619 23497528
7705750317495614 69331193
5542405321590102 101273484
7503893989599063 54789185
4550196361605963 47306851
1413890771825044 64026458
8931593039003334 55653784
3187758696357869 94348645
6448163937470375 123697048
8510148676389097 122522873
9612617630048219 170415129
5327025290851059 66445917
9682004066432134 72518356
1949532918363482 47948579
7654421603296894 70474674
2476078448353493 68810758
8495234583117761 106854629
8408765945132215 180528172
2696982370356274 80495197
2573905339420562 26463801
7120611390791873 115071269
8546404011242598 62583393
5720904369691384 127418235
3305266730312154 99151435
1570654357909867 28152532
2165007310388738 89590712
1726530027567949 37418534
2266045991873285 91099586
5087486967147533 83107371
4803083491248190 108172995
9100080514471455 135364717
3083077335255922 96488309
7822976669472911 87244713
6317563319750443 124159367
7344397319299111 54063392
4355022436112114 40769358
6567473969574586 42510755
3197101024886997 102101829
4393480633345057 123283366
1219872132288476 48355183
1280121624441044 38269356
5682217348608275 132025142
5427161374043995 146818818
4866406480223881 94838022
6314606380245436 64739406
4930447243570314 47193725
5982522871880575 57204553
2583875187332896 54839824
6584377426373092 59003692
7675360060013937 113967729
7805677840213162 47369897
7880263727493935 48032450
9540310436646836 91010066
3920947684278218 88104517
4688762218550018 91444788
9982188444336124 158474275
7891928851224405 80314688
5559636717302368 63460506
7214907997291657 168587135
3862587495537013 34599800
9269561388289913 48946228
1101736639838708 33280440
4964924276243899 46345444
5204131690886254 89354857
6002169479552531 108563124
2137344018653789 27782421
7755836591647158 126542983
6302919822834840 55868167
8720934757742737 128657557
8493115878599455 155484022
9422163910992984 139433353
4849216250765960 42040845
8216312545414419 144911368
2167665592781743 87255462
8456763962305292 76770614
4557526592621546 40582297
6213096655176697 152327292
3559604339263426 69124918
7851898145085017 91647268
2587068174749251 58923378
6988527581980513 60122763
6677382861590364 70380735
7735622166349831 44099407
7474257669922031 147351492
7777998569193931 173638224
7388246293160565 128140809
887285149021090 50144831
4413577836834630 52992820
5278868122523810 112540709
14814473766843 2616996
7972809859648190 85193570
7927039654528641 73073210
8588144540242687 130328263
7231106637167253 138917977
6360946274252035 124867246
942231883014952 39146089
9380006564808012 133591974
3417185011195671 41294452
1056161505682331 56851857
4966864592032774 132791438
368278434016219 16595791
7161069442612873 167693530
5961211717467169 145080895
4871802750582520 37110904
1899813300465290 61479457
8186019530115922 66180036
1520268404689036 57976426
8494670744857207 176121892
4558267520752631 125376991
1847660187189222 47553454
6088333356559462 124443693
5531892284630903 106791000
240696787439245 20909141
9929998131376021 140786593
145535233205005 11480297
583318034421138 14808244
1217877875747598 19530993
5391296973766914 103670005
4597152421460066 85632450
8090527715045757 53809482
7030374690394385 131779947
2016082996153987 57711123
4785527449379429 39636274
6604254212256680 136419152
796456253471508 46461932
6739777977148437 68830496
8200652332952455 92792584
3266020185306934 32338551
7327563954353331 145971336
9212881164898627 153728414
7517867318075780 162694526
4419396630654674 38509062
8459868817387214 62786151
2569025694210803 36175273
2051107801588943 58744727
1780635332766892 41806513
3629853733841512 111563060
3830331734760907 98325491
5022111852393387 124039056
8733693238477590 103548467
1746608597126954 60319190
9207595259514456 106381683
2261230414463344 79797647
7471352389778989 65348806
9553878389649585 159261811
1495889347149497 74431014
1502306329166484 55997019
7991970050908056 112434102
5702416564824576 57910962
2702855319482629 55760565
9115773005783233 76728428
325497662524033 18783711
2825344915727454 84891428
3400790388935580 69596601
8316430447829774 129588577
7836851537824834 131967159
7712484028386969 146833333
2837253716589333 95660286
3381772215197263 61431808
2264986842426633 65022165
9798129670978118 170631379
7231383697240730 81084834
5868375330497825 106259589
8468191315754362 51160863
1427299478481484 74781649
6795036040122225 162800973
7724488042294533 64520171
668163829569618 18597901
41088570637189 9591091
8685324747556824 163628894
2854492786110611 104191079
6126219690193807 85150100
2986662753603597 63126005
9511190025304912 77583069
7332957455349373 54255202
2319622575288240 67892984
6048949931675832 72675907
5379515352879102 98295154
6060913428982254 63438258
1263352965491722 22392136
3309321982668422 89551844
3754396855614211 41845322
7291948382994158 80370382
4080880525338312 33086814
4186749044163166 95946197
1498973021775251 68679954
3619162170293735 68890179
180234297432215 14363324
8743138152452607 58406655
865242781161943 54343979
3075945899026184 66406606
8273813088476820 130011499
3387507959624354 51370246
9392866553193663 133726186
9142008309179163 171369030
1775620991007585 53162317
4677612430486555 44425951
9196991224548647 70494025
9571543079085562 137298275
5825866389213876 38672616
5355015389397863 58434184
2876638571903033 105714549
3947874713040632 65281582
3482573466712104 69888522
6198511646833431 57536498
4575574772464639 128149404
6507824677703388 78649195
4186605710900322 123824312
4673462733703980 135268959
8289461955940650 96272345
6953079984871166 83714357
7621350191385338 60337763
3086051938745943 87331557
1466966988416995 58749675
8691287158160274 123841367
1750405726400842 29920493
6566297833462395 48895721
6840427043394391 42257714
1960584699724614 64779264
9107534495776912 181449439
4404675973667876 70344398
5589705975542866 42821577
1281036609465666 48073479
8762940040988027 172538245
1863268384161992 51279798
6799134866525098 107273395
4846397788913483 55447903
6692345805995688 109131131
2983306413865651 59869254
1859950805358676 70449426
6170518616544638 126980249
4369946530677606 47789897
9242610802250671 124450003
1961043072419382 22570718
2225134359775616 68260618
6894070320437034 93141638
866991194252059 43269513
8155911739879063 122351566
9186243202584215 78836078
6786829758116798 72238896
4160559187518785 66636963
1351933910534155 63524733
6942103940584666 70529109
1762913017130860 53101217
5131243151244568 92354437
4458519254686731 89323890
3577267797448631 70353502
7162336852478465 165205378
7471246229176560 115044426
8126472060315130 125033372
3436543714825302 108293641
1165594382639699 17905258
5651011697037187 103562751
3205708971556999 85488939
3657903085015645 106594991
5552587603982473 63782986
6663876470437646 120153376
4027438364143979 100279712
8133598159306122 92311668
9636202121545777 130758885
1430004226150301 61259578
3646947540033880 94801366
5523322003689781 136642526
8683005558665683 102779347
4380116422382200 41854898
5613962467833163 130861181
4543804066349029 110780306
5776040580332839 91759785
1205400217865120 64955701
246715835028951 31194689
5240022393335677 120991448
2887470837452183 64059594
9408955756808105 131335267
6096239706467954 78492831
3887997152762607 89074628
6168205096202254 138671686
3988895472807308 38209419
